LapDistanceNorm,Speed,Throttle,Brake,Time_seconds,Source,Distance,RPM,Gear,DRS,X,Y
1.5200820062641471e-05,237.9833344,100.0,0.0,0.0,HAM,0.07950902177060026,11172.6375552,6,8,54.468389354704335,207.6803647317801
0.0009492448401628407,239.2,100.0,0.0,0.073,HAM,4.9650958534550345,11235.6,6,8,59.3,208.3
0.001567492995614673,240.0,100.0,0.0,0.121,HAM,8.198888888888888,11277.0,6,8,62.48798591431419,208.70156874682698
0.0038086044923655556,244.3,100.0,0.0,0.293,HAM,19.921189531302016,11466.2,6,8,74.0,210.1
0.0047029038392618575,246.0,100.0,0.0,0.361,HAM,24.598888888888887,11541.0,6,8,78.602668270816,210.6335284436985
0.0067154331498149415,248.53333333333333,100.0,0.0,0.513,HAM,35.125573377444724,11666.4,6,8,89.0,211.8
0.007889296973049647,250.0,100.0,0.0,0.601,HAM,41.26555555555555,11739.0,6,8,95.0877045912932,212.47335514613033
0.009662280091578369,252.2,100.0,0.0,0.733,HAM,50.53927584098012,11338.05,6,8,104.3,213.5
0.01112667239697804,254.0,100.0,0.0,0.841,HAM,58.19888888888889,11010.0,6,8,111.89362845708547,214.37632824715965
0.012660703033305493,256.3333333333333,100.0,0.0,0.953,HAM,66.22275041464215,10823.8,6,8,119.8,215.3
0.01442777568358219,259.0,100.0,0.0,1.081,HAM,75.46555555555555,10611.0,7,8,128.84834434510677,216.3481702414562
0.015703067853448438,260.15,100.0,0.0,1.173,HAM,82.13606625694672,10627.1,7,8,135.4,217.1
0.017767115687791792,262.0,100.0,0.0,1.321,HAM,92.93222222222222,10653.0,7,8,146.07383959571897,218.3111354716879
0.018778938278582204,263.2,100.0,0.0,1.393,HAM,98.22463566226133,10712.1,7,8,151.3,218.9
0.021157437982142,266.0,100.0,0.0,1.561,HAM,110.66555555555556,10850.0,7,8,163.55467327692543,220.2727628920505
0.021897602116208937,266.65,100.0,0.0,1.613,HAM,114.53703919965042,10870.8,7,8,167.4,220.7
0.024585996994097664,269.0,100.0,0.0,1.801,HAM,128.5988888888889,10946.0,7,8,181.4480737471668,222.24986576021342
0.02503042175321745,269.25833386666665,100.0,0.0,1.832,HAM,130.92348570028676,10965.116706133333,7,8,183.7,222.5
0.027924059545279267,270.93333333333334,100.0,0.0,2.033,HAM,146.05887374232472,11089.066666666668,7,8,197.9,224.1
0.028040047151123626,271.0,100.0,0.0,2.041,HAM,146.66555555555556,11094.0,7,8,198.48172678232817,224.16624186766185
0.031135287173275173,274.53333333333336,100.0,0.0,2.253,HAM,162.85543908107078,11199.116666666667,7,8,214.5,226.0
0.0315450795982902,275.0,100.0,0.0,2.281,HAM,164.9988888888889,11213.0,7,8,216.63058097705425,226.24325240387947
0.034355330212725736,275.6857142857143,100.0,0.0,2.473,HAM,179.6981140861623,11239.057142857142,7,8,231.2,227.9
0.03564915395460887,276.0,100.0,0.0,2.561,HAM,186.46555555555557,11251.0,7,8,237.8996390689499,228.66069040732427
0.03760093933763553,277.6431522179036,100.0,0.0,2.693,HAM,196.6745144058743,11333.70532830115,7,8,248.0,229.8
0.039219985419988154,279.0,100.0,0.0,2.802,HAM,205.14305555555558,11402.0,7,8,256.40327524835374,230.7326985380417
0.040873468855755234,279.9249984,100.0,0.0,2.913,HAM,213.79172384779022,11439.4624352,7,8,265.0,231.7
0.04280149130236563,281.0,100.0,0.0,3.042,HAM,223.8763888888889,11483.0,7,8,275.0155475353921,232.87747997298646
0.044165996042118225,281.7583317333333,100.0,0.0,3.133,HAM,231.0135325832419,11515.229098666667,7,8,282.1,233.7
0.04640848832981341,283.0,100.0,0.0,3.282,HAM,242.74305555555557,11568.0,7,8,293.7384617822539,234.98082634298368
0.047480911299163396,283.5916650666667,100.0,0.0,3.353,HAM,248.35244379026656,11576.874976,7,8,299.3,235.6
0.05004097650233148,285.0,100.0,0.0,3.522,HAM,261.74305555555554,11598.0,7,8,312.57861786248486,237.14327199652675
0.05081437891954481,285.2124992,100.0,0.0,3.573,HAM,265.78839451583815,11601.8249856,7,8,316.6,237.6
0.053686210247384715,286.0,100.0,0.0,3.762,HAM,280.8097222222222,11616.0,7,8,331.55080061834207,239.2243697822731
0.0541588591515952,286.12916586666665,100.0,0.0,3.793,HAM,283.28194752716354,11621.166634666666,7,8,334.0,239.5
0.05734418956497309,287.0,100.0,100.0,4.002,HAM,299.94305555555553,11656.0,7,8,350.4398602232064,241.49007633609958
0.05751048141711746,286.4477079412549,95.44359051535305,100.0,4.013,HAM,300.8128574766318,11628.98371345972,7,8,351.3,241.6
0.06072708808044392,275.4016739628511,4.3138101935211495,100.0,4.233,HAM,317.6375582604025,11088.648551349464,7,8,368.2,243.9
0.06083461771027647,275.0,1.0,100.0,4.241,HAM,318.2,11069.0,7,8,368.7895635355262,243.9876384250881
0.06341992905621532,233.48333333333332,0.1166666666666667,100.0,4.453,HAM,331.72266359584233,9841.166666666666,7,8,383.4,246.4
0.06374060824829093,228.0,0.0,100.0,4.481,HAM,333.4,9679.0,7,8,385.12205803265545,246.72661620434883
0.06586218789214202,210.4,0.0,100.0,4.673,HAM,344.497080380919,9715.0,7,8,395.8,249.1
0.06636619619053206,206.0,0.0,100.0,4.721,HAM,347.1333333333333,9724.0,7,8,398.3354362658266,249.78132645443299
0.06808092093651906,191.66666666666666,0.0,100.0,4.893,HAM,356.10232886103745,9726.866666666667,7,8,407.0,252.6
0.0687368726820702,186.0,0.0,100.0,4.961,HAM,359.53333333333336,9728.0,6,8,410.143033015201,253.91251501655438
0.07017998794728658,180.93333333333334,0.0,100.0,5.113,HAM,367.0816552374634,9543.066666666668,6,8,416.6,257.3
0.07100558459332709,178.0,0.0,0.0,5.201,HAM,371.4,9436.0,5,8,420.0234021435925,259.5848230507503
0.07223474364435158,175.8,5.5,0.0,5.333,HAM,377.8292079864574,9313.35,5,8,424.7,263.5
0.07322331421444339,174.0,10.0,0.0,5.441,HAM,383.0,9213.0,5,8,428.0798376486873,267.185985826278
0.07422515395873491,171.2,28.666666666666668,0.0,5.553,HAM,388.24019741772304,9237.266666666666,5,8,431.1,271.3
0.07536457040034879,168.0,50.0,0.0,5.681,HAM,394.2,9265.0,5,8,433.87263003834687,276.15478638569857
0.07619739199789728,169.53333333333333,58.05,0.0,5.773,HAM,398.55613540964464,9292.216666666667,5,8,435.5,280.0
0.0775568088763948,172.0,71.0,0.0,5.921,HAM,405.6666666666667,9336.0,5,8,437.5791239805634,287.1101677851206
0.07822389835608455,173.2,74.0,0.0,5.993,HAM,409.15592788711524,9507.6,5,8,438.3,290.7
0.07980002964258139,176.0,81.0,0.0,6.161,HAM,417.4,9908.0,5,8,439.19053771884103,298.99033014348566
0.08029586964743085,177.3,85.11666666666667,0.0,6.213,HAM,419.99352808452755,10034.533333333333,5,8,439.3,301.6
0.08211972384397889,182.0,100.0,0.0,6.401,HAM,429.5333333333333,10492.0,5,8,439.1866072915598,311.32247070558924
0.0824346625711871,182.8,98.8,0.0,6.433,HAM,431.180643808348,10565.066666666668,5,8,439.1,313.0
0.08451589148058732,188.0,91.0,0.0,6.641,HAM,442.06666666666666,11040.0,5,8,438.16458130929067,323.96659512961935
0.08463804256450108,188.4,91.45,0.0,6.653,HAM,442.70558701110724,11025.5,5,8,438.1,324.6
0.08692825388812599,195.73333333333332,99.7,0.0,6.873,HAM,454.68470795583113,10759.666666666666,5,8,436.8,336.3
0.08701402369747695,196.0,100.0,0.0,6.881,HAM,455.1333333333333,10750.0,5,8,436.74887450216664,336.73630398746946
0.08934970711463414,205.0857142857143,100.0,0.0,7.093,HAM,467.35029945086467,11161.885714285714,5,8,435.3,348.6
0.09010694929934028,208.0,100.0,0.0,7.161,HAM,471.3111111111111,11294.0,5,8,434.79776480379115,352.4688296739715
0.09179735625576847,209.9,100.0,0.0,7.313,HAM,480.1529106288976,11482.1,5,8,433.6,361.2
0.09279626510425718,211.0,100.0,0.0,7.401,HAM,485.37777777777774,11591.0,5,8,432.84908240285614,366.3117215968885
0.09434268968552789,217.05,100.0,0.0,7.533,HAM,493.46646675588266,11812.1,5,8,431.6,374.1
0.09562578220706074,222.0,100.0,0.0,7.641,HAM,500.17777777777775,11993.0,5,8,430.4167266588165,380.63114541940087
0.0969533164209755,222.93333333333334,100.0,0.0,7.753,HAM,507.12154438250025,11470.333333333334,5,8,429.2,386.8
0.0984807904549346,224.0,100.0,0.0,7.881,HAM,515.1111111111111,10873.0,5,8,428.0262460441139,392.159677173963
0.09959595092391514,226.3,100.0,0.0,7.973,HAM,520.9440410215043,10864.95,5,8,427.0,396.3
0.10141227213801937,230.0,100.0,0.0,8.121,HAM,530.4444444444445,10852.0,6,8,424.61647743174944,405.24403192014677
0.10230080927566466,231.2,100.0,0.0,8.193,HAM,535.09200413727,10940.2,6,8,423.3,409.9
0.10439473611124475,234.0,100.0,0.0,8.361,HAM,546.0444444444445,11146.0,6,8,420.1030961785442,420.42763619308306
0.10504003054231759,235.48750186666666,100.0,0.0,8.412,HAM,549.4197050394115,11185.5250496,6,8,419.1,423.6
0.10746641909221619,241.0,100.0,0.0,8.601,HAM,562.1111111111112,11332.0,6,8,415.25181084146635,435.43989857244713
0.10762179141197764,241.21428571428572,100.0,0.0,8.613,HAM,562.9237976045737,11342.671428571428,6,8,415.0,436.2
0.11049359075040742,245.14285714285714,100.0,0.0,8.833,HAM,577.9449579879649,11538.314285714287,6,8,410.2,450.3
0.11112439840980456,246.0,100.0,0.0,8.881,HAM,581.2444444444445,11581.0,6,8,409.09468336028607,453.38741246787595
0.11339507170290704,248.15,100.0,0.0,9.053,HAM,593.1213702649737,11689.216666666667,6,8,404.9,464.4
0.11429804597105721,249.0,100.0,0.0,9.121,HAM,597.8444444444445,11732.0,6,8,403.1007793924641,468.6922690910865
0.11632819080353962,250.9,100.0,0.0,9.273,HAM,608.4632682327755,11850.433333333332,6,8,398.7,478.1
0.11750993024991531,252.0,100.0,0.0,9.361,HAM,614.6444444444446,11919.0,6,8,395.8331465917553,483.3794808771719
0.11929001849113949,253.3134315811997,100.0,0.0,9.493,HAM,623.9553286034462,11936.731326346197,6,8,391.0,491.0
0.12022123216745534,254.0,100.0,0.0,9.562,HAM,628.8261111111112,11946.0,6,8,388.16389316817276,494.7997450274037
0.12225637833203579,254.0,100.0,0.0,9.713,HAM,639.471094739571,11115.501056000001,6,8,381.2,502.6
0.12399817016203847,254.0,100.0,0.0,9.842,HAM,648.5816666666668,10406.0,7,8,374.40864454299907,508.57572880084206
0.1252315647304902,254.75833173333334,100.0,0.0,9.933,HAM,655.0330288425657,10465.1498752,7,8,369.2,512.4
0.12726103673103717,256.0,100.0,0.0,10.082,HAM,665.6483333333335,10562.0,7,8,360.00374895325166,517.9567871186412
0.12823341557910195,256.8874976,100.0,0.0,10.153,HAM,670.7344333385604,10563.7749952,7,8,355.4,520.3
0.1305621400176413,259.0,100.0,0.0,10.322,HAM,682.9150000000001,10568.0,7,8,344.0071708255693,525.1434533071712
0.131268925720011,259.6374976,100.0,0.0,10.373,HAM,686.6118952704712,10606.4623552,7,8,340.5,526.5
0.1339014800218509,262.0,100.0,0.0,10.562,HAM,700.3816666666668,10749.0,7,8,327.36137783220914,531.3310608561179
0.1343344338977493,262.2583317333333,100.0,0.0,10.593,HAM,702.6462641688156,10760.883259733333,7,8,325.2,532.1
0.1372663111711308,264.0,100.0,0.0,10.802,HAM,717.9816666666668,10841.0,7,8,310.6604924056267,537.2217608040984
0.13742174896853718,264.18409735291505,100.0,0.0,10.813,HAM,718.7946956458289,10847.67352904317,7,8,309.9,537.5
0.1405535079664385,267.86610867904966,100.0,0.0,11.033,HAM,735.1755943945994,10981.14643961555,7,8,294.8,543.4
0.14066789205455377,268.0,100.0,0.0,11.041,HAM,735.7738888888891,10986.0,7,8,294.2531711120711,543.6292087488819
0.1437071007775128,269.76666666666665,100.0,0.0,11.253,HAM,751.6706965297499,11061.966666666667,7,8,279.9,550.2
0.14410919663904456,270.0,100.0,0.0,11.281,HAM,753.7738888888891,11072.0,7,8,278.0539174009009,551.1663873036455
0.14687039317441128,270.8,100.0,0.0,11.473,HAM,768.2165330711549,11072.8,7,8,265.8,558.5
0.14756324679607055,271.0,100.0,0.0,11.521,HAM,771.8405555555559,11073.0,7,8,262.858672009606,560.5385579192634
0.15005611111483344,272.43333333333334,100.0,0.0,11.693,HAM,784.879668088622,11148.966666666667,7,8,252.8,568.5
0.1510427880981668,273.0,100.0,0.0,11.761,HAM,790.0405555555558,11179.0,7,8,249.0862037818393,571.9088057274994
0.15324666928929925,273.0,100.0,0.0,11.913,HAM,801.5681203108428,11202.433333333332,7,8,241.2,580.3
0.1545223294002631,273.0,100.0,0.0,12.001,HAM,808.2405555555558,11216.0,7,8,236.75093567137478,585.895815379343
0.15643616432821536,273.0,100.0,0.0,12.133,HAM,818.2510117233694,11226.371428571429,7,8,230.6,594.8
0.15858179425270874,273.0,100.0,0.0,12.281,HAM,829.4738888888893,11238.0,7,8,225.1613806731043,604.5262525467517
0.15962525624205973,273.0,100.0,0.0,12.353,HAM,834.9317945601761,11238.0,7,8,222.9,609.5
0.162061335554805,273.0,100.0,0.0,12.521,HAM,847.6738888888893,11238.0,7,8,218.3734902111496,622.1488238716267
0.16281677583001838,273.21666666666664,100.0,0.0,12.573,HAM,851.6252755272949,11244.283333333333,7,8,217.3,626.1
0.16555362242943641,274.0,100.0,0.0,12.761,HAM,865.9405555555559,11267.0,7,8,214.90943038847595,640.0834460919823
0.1660202418929972,274.1333333333333,100.0,0.0,12.793,HAM,868.3812434219967,11267.266666666666,7,8,214.7,642.5
0.169058654876603,275.0,100.0,0.0,13.001,HAM,884.2738888888892,11269.0,7,8,214.5530417426849,658.6599125166881
0.16923423798042442,275.05,100.0,0.0,13.013,HAM,885.1922893940434,11272.4,7,8,214.6,659.6
0.17245896184113285,275.96666666666664,100.0,0.0,13.233,HAM,902.0594477834367,11334.733333333334,7,8,216.3,676.8
0.1725764328963047,276.0,100.0,0.0,13.241,HAM,902.6738888888892,11337.0,7,8,216.38000717299695,677.421564649446
0.17569451766160393,276.8833333333333,100.0,0.0,13.453,HAM,918.9832635453295,11350.25,7,8,218.8,693.8
0.17610695648854158,277.0,100.0,0.0,13.481,HAM,921.1405555555559,11352.0,7,8,219.15513481732842,695.9610003564087
0.17893958901876642,277.8,100.0,0.0,13.673,HAM,935.9568510307765,11358.4,7,8,221.7,710.6
0.1796502256533136,278.0,100.0,0.0,13.721,HAM,939.6738888888892,11360.0,7,8,222.31470209971468,714.1068690046002
0.18220644779201073,279.43333333333334,100.0,0.0,13.893,HAM,953.0443992191617,11406.583333333334,7,8,224.5,726.6
0.18321898596315592,280.0,100.0,0.0,13.961,HAM,958.3405555555559,11425.0,7,8,225.43303390742875,731.9168571161292
0.185483846254268,280.6333333333333,100.0,0.0,14.113,HAM,970.1870760361165,11436.4,7,8,227.6,744.2
0.18680049184553338,281.0,100.0,0.0,14.201,HAM,977.0738888888892,11443.0,7,8,228.8183678557918,751.0393849086173
0.18878706557855857,282.65,100.0,0.0,14.333,HAM,987.4648107955428,11530.45,7,8,230.6,761.1
0.19042023444551634,284.0,100.0,0.0,14.441,HAM,996.0072222222226,11602.0,7,8,232.0334036055161,769.439539472684
0.19211924360684238,284.93333333333334,100.0,0.0,14.553,HAM,1004.8940162135757,11623.466666666667,7,8,233.5,778.2
0.19406546819056952,286.0,100.0,0.0,14.681,HAM,1015.0738888888891,11648.0,7,8,235.154073255651,788.3476016950415
0.1954656658342319,286.3833333333333,100.0,0.0,14.773,HAM,1022.3977269761974,11674.066666666668,7,8,236.3,795.5
0.19772344750815793,287.0,100.0,0.0,14.921,HAM,1034.2072222222225,11716.0,7,8,238.0285836151482,806.5150112658996
0.19881069687994585,287.5916672,100.0,0.0,14.992,HAM,1039.8941610594247,11642.0416,7,8,238.8,812.0
0.2014069179708166,289.0,100.0,0.0,15.161,HAM,1053.4738888888892,11466.0,7,8,240.44328425660342,826.0509282247033
0.20189913055222397,289.1333333333333,100.0,0.0,15.193,HAM,1056.0484434648665,11331.333333333334,7,8,240.7,828.7
0.20510313400601043,290.0,100.0,0.0,15.401,HAM,1072.8072222222224,10456.0,8,8,241.8590787651142,845.3435092511667
0.20528827124101487,290.05,100.0,0.0,15.413,HAM,1073.7755963222944,10457.9,8,8,241.9,846.3
0.20868825964880097,290.96666666666664,100.0,0.0,15.633,HAM,1091.5594889820618,10492.733333333334,8,8,242.2,864.0
0.20881209561373942,291.0,100.0,0.0,15.641,HAM,1092.2072222222225,10494.0,8,8,242.19812593382622,864.6482990969813
0.212098901533411,291.8833333333333,100.0,0.0,15.853,HAM,1109.399105446021,10564.666666666666,8,8,241.9,881.9
0.21253380279400358,292.0,100.0,0.0,15.881,HAM,1111.6738888888892,10574.0,8,8,241.8365301890821,884.178999990347
0.2155211509348659,292.9552229681452,100.0,0.0,16.073,HAM,1127.2994358915757,10578.776114840726,8,8,241.3,899.8
0.21566140697447297,293.0,100.0,0.0,16.082,HAM,1128.0330555555558,10579.0,8,8,241.27229123346743,900.5331240640571
0.2189551240913425,293.87916586666665,100.0,0.0,16.293,HAM,1145.2610883111695,10617.683298133334,8,8,240.6,917.8
0.2194086052998074,294.0,100.0,0.0,16.322,HAM,1147.6330555555558,10623.0,8,8,240.51292207907696,920.1998532956859
0.22239988636299915,294.79583253333334,100.0,0.0,16.513,HAM,1163.2791740014818,10633.345822933334,8,8,240.0,935.7
0.223168549197677,295.0,100.0,0.0,16.562,HAM,1167.2997222222225,10636.0,8,8,239.89019183505144,939.314516785574
0.2258550949312395,295.7124992,100.0,0.0,16.733,HAM,1181.3518998243048,10632.437504,8,8,239.5,951.4
0.2269412386680817,296.0,100.0,0.0,16.802,HAM,1187.0330555555556,10631.0,8,8,239.27469845877187,956.7293521403401
0.22932253974989242,296.62916586666665,100.0,0.0,16.953,HAM,1199.4886282664888,10663.716625066667,8,8,238.7,969.1
0.23072667371102162,297.0,100.0,0.0,17.042,HAM,1206.8330555555558,10683.0,8,8,238.38630052075655,976.4174571487347
0.23279213729376896,297.0,100.0,0.0,17.173,HAM,1217.636616698329,10691.187488,8,8,237.9,987.2
0.23451210875396153,297.0,100.0,0.0,17.282,HAM,1226.6330555555558,10698.0,8,8,237.39158979881205,996.2098447366067
0.23626693771515372,297.4624992,100.0,0.0,17.393,HAM,1235.8118191685805,10728.062448,8,8,236.8,1005.4
0.23831028936943655,298.0,100.0,0.0,17.522,HAM,1246.4997222222223,10763.0,8,8,236.05150179159492,1016.0723670486723
0.23975409434920367,298.3807526406046,100.0,0.0,17.613,HAM,1254.0516517296924,10763.0,8,8,235.5,1023.6
0.24210533669833004,299.0,100.0,0.0,17.761,HAM,1266.3500000000001,10763.0,8,8,234.57959008856932,1035.8461644514089
0.24324984639826852,299.3,100.0,0.0,17.833,HAM,1272.3364432493822,10777.4,8,8,234.1,1041.8
0.24592900845887541,300.0,100.0,0.0,18.001,HAM,1286.3500000000004,10811.0,8,8,232.87929784892123,1055.6843682563433
0.24676396791925237,300.0,100.0,0.0,18.053,HAM,1290.717317660436,10761.166666666666,8,8,232.5,1060.0
0.24975268021942074,300.0,100.0,0.0,18.241,HAM,1306.3500000000001,10581.0,8,8,231.14913806082973,1075.6621797292885
0.25024174473090655,296.53333333333336,92.4,0.0,18.273,HAM,1308.9080883617273,10466.866666666667,8,8,230.9,1078.3
0.2532449670940522,274.0,43.0,100.0,18.481,HAM,1324.616666666667,9725.0,8,8,229.106283826964,1094.902164498158
0.2534073988811677,272.2,40.85,100.0,18.493,HAM,1325.466278230042,9655.25,8,8,229.0,1095.8
0.25618340984392407,239.2,1.4333333333333371,100.0,18.713,HAM,1339.9864103784168,8376.5,8,8,227.0,1110.9
0.25627841335741813,238.0,0.0,100.0,18.721,HAM,1340.4833333333336,8330.0,8,8,226.9208932125472,1111.4078109323348
0.25865216892420834,212.38333333333333,0.0,100.0,18.933,HAM,1352.899438665825,8512.85,8,8,224.6,1123.9
0.2589422380172647,209.0,0.0,100.0,18.961,HAM,1354.4166666666667,8537.0,8,8,224.2588022967972,1125.4121015453136
0.26078686689214026,185.0,0.0,100.0,19.153,HAM,1364.0651354181396,9015.4,8,8,221.7,1135.0
0.2612236955010568,179.0,0.0,100.0,19.201,HAM,1366.3500000000001,9135.0,8,8,221.00283431799,1137.228646102202
0.26273445593168654,167.53333333333333,0.0,100.0,19.373,HAM,1374.2521449812646,9248.95,8,8,218.3,1144.7
0.2633012238242864,163.0,0.0,100.0,19.441,HAM,1377.2166666666667,9294.0,8,8,217.129037989397,1147.4323201584089
0.26449824904481695,152.23333333333332,0.0,100.0,19.593,HAM,1383.4777962588148,9288.933333333332,8,8,214.3,1153.1
0.26516207741441844,146.0,0.0,100.0,19.681,HAM,1386.95,9286.0,8,8,212.5313993502155,1156.1176707000795
0.26613173569599724,140.5,0.0,100.0,19.813,HAM,1392.0218698795447,9371.8,8,8,209.7,1160.3
0.266895475279199,136.0,0.0,100.0,19.921,HAM,1396.0166666666667,9442.0,6,8,207.22522022534605,1163.435025798091
0.26765428210067116,130.86666666666667,0.0,100.0,20.033,HAM,1399.9856622760803,8981.4,6,8,204.5,1166.4
0.26848867184609293,125.0,0.0,100.0,20.161,HAM,1404.3500000000001,8455.0,4,8,201.1779270515163,1169.4128407184342
0.2690731601069506,122.31666666666666,0.0,100.0,20.253,HAM,1407.4072093917096,8251.45,4,8,198.7,1171.3
0.26999264940524076,118.0,0.0,100.0,20.401,HAM,1412.2166666666667,7924.0,3,8,194.61941696001048,1173.8073003827892
0.2704344094178857,116.8,0.0,100.0,20.473,HAM,1414.5273253231094,7819.0,3,8,192.6,1174.8
0.271445644674248,114.0,0.0,100.0,20.641,HAM,1419.8166666666666,7574.0,3,8,187.81041693048002,1176.542619971286
0.27175043420078887,112.7,0.0,100.0,20.693,HAM,1421.4108909914944,7540.85,3,8,186.3,1176.9
0.2728221665080443,108.0,0.0,0.0,20.881,HAM,1427.0166666666667,7421.0,3,8,180.74305844186702,1177.4300386158277
0.2730008004970443,107.46666666666667,4.8,0.0,20.913,HAM,1427.9510250540327,7447.8,3,8,179.8,1177.4
0.2741477060517,104.0,36.0,0.0,21.121,HAM,1433.95,7622.0,3,8,173.8257940030815,1176.3939280204645
0.2742142515885711,104.1,36.5,0.0,21.133,HAM,1434.2980713881236,7638.15,3,8,173.5,1176.3
0.2754527129957838,105.93333333333334,45.66666666666667,0.0,21.353,HAM,1440.7759360416314,7934.233333333334,3,8,167.8,1173.9
0.2754987367404261,106.0,46.0,0.0,21.361,HAM,1441.0166666666669,7945.0,3,8,167.5873727216805,1173.784563734855
0.2767396506070827,110.39583466666667,54.79166933333333,0.0,21.572,HAM,1447.5073590920001,8154.2417301333335,3,8,161.9,1170.1
0.27691349529182785,111.0,56.0,0.0,21.601,HAM,1448.4166666666667,8183.0,3,8,161.1791063085328,1169.534508071935
0.27796133279032137,114.58333333333333,63.88333333333333,0.0,21.773,HAM,1453.897458764491,8603.683333333332,3,8,157.2,1165.9
0.27839198170590534,116.0,67.0,0.0,21.841,HAM,1456.15,8770.0,3,8,155.6326576550656,1164.2766430959875
0.2793979383515703,122.33333333333333,69.53333333333333,0.0,21.993,HAM,1461.4117311770583,9113.9,3,8,152.2,1160.3
0.2799979238453344,126.0,71.0,0.0,22.081,HAM,1464.55,9313.0,3,8,150.37810614699183,1157.8372313439227
0.2809130365731778,129.85,77.6,0.0,22.213,HAM,1469.3365652971888,9610.0,3,8,147.8,1153.9
0.2816930849925095,133.0,83.0,0.0,22.321,HAM,1473.4166666666667,9853.0,3,8,145.72368109978163,1150.4262929321148
0.28254603652676,139.50621888301234,84.3941897606455,0.0,22.433,HAM,1477.8780932098744,10169.945805586744,3,8,143.7,1146.7
0.2835744908183545,147.0,86.0,0.0,22.562,HAM,1483.2575000000002,10535.0,3,8,141.66084550137734,1142.3993534140654
0.28432268704512237,151.17082453333333,91.30832213333333,0.0,22.653,HAM,1487.170996103343,10902.032558933333,3,8,140.3,1139.2
0.2855882912789084,158.0,100.0,0.0,22.802,HAM,1493.7908333333335,11503.0,3,8,138.06238584272992,1133.450891188067
0.28620909328753363,161.25415786666667,100.0,0.0,22.873,HAM,1497.037984488048,11604.1747264,3,8,137.0,1130.5
0.28774229303734894,169.0,100.0,0.0,23.042,HAM,1505.0575000000001,11845.0,3,8,134.5102036453756,1122.9691029634557
0.288224608167786,171.9749888,100.0,0.0,23.093,HAM,1507.5802852213355,11754.9003392,3,8,133.8,1120.6
0.2900747328112816,183.0,100.0,0.0,23.282,HAM,1517.2575,11421.0,4,8,131.37947202472336,1111.5300591076289
0.29038261637381385,183.90416106666666,100.0,0.0,23.313,HAM,1518.8679079105805,11495.3995392,4,8,131.0,1110.0
0.29249639159296026,190.0,100.0,0.0,23.522,HAM,1529.9241666666665,11997.0,4,8,128.52516627779315,1099.3745187367383
0.2926106469721792,190.50415786666667,100.0,0.0,23.533,HAM,1530.5217879394854,11952.084117333334,4,8,128.4,1098.8
0.29496010776618475,200.5874912,100.0,0.0,23.753,HAM,1542.810817653011,11053.750784,4,8,126.0,1087.0
0.2950582516725257,201.0,100.0,0.0,23.762,HAM,1543.3241666666665,11017.0,4,8,125.90474683995858,1086.5060690854534
0.29739631386268484,208.03332693333334,100.0,0.0,23.973,HAM,1555.553575133599,11286.903921066667,4,8,123.7,1074.7
0.29772207633237224,209.0,100.0,0.0,24.002,HAM,1557.2574999999997,11324.0,5,8,123.39362659149222,1073.0470149323723
0.2998937298386749,213.7749952,100.0,0.0,24.193,HAM,1568.6164954488818,11732.2620896,5,8,121.3,1062.0
0.30046237442742973,215.0,100.0,0.0,24.242,HAM,1571.5908333333332,11837.0,5,8,120.72044275209232,1059.1292891086946
0.3024889800085806,221.43932848682456,100.0,0.0,24.413,HAM,1582.1911448039066,11571.556570154233,5,8,118.5,1049.0
0.30330548680760416,224.0,100.0,0.0,24.481,HAM,1586.4619444444443,11466.0,5,8,117.49598116807036,1044.9235609200705
0.30514368735576136,227.16666666666666,100.0,0.0,24.633,HAM,1596.0767893541185,10999.233333333334,5,8,115.0,1035.7
0.30622422291815377,229.0,100.0,0.0,24.721,HAM,1601.728611111111,10729.0,6,8,113.40491403233982,1030.2774834508587
0.30787499539888,233.4,100.0,0.0,24.853,HAM,1610.3630995510437,10967.15,6,8,110.9,1022.2
0.3092449236089846,237.0,100.0,0.0,24.961,HAM,1617.5286111111109,11162.0,6,8,108.86349466823458,1015.8496930638892
0.3106779747861812,239.33333333333334,100.0,0.0,25.073,HAM,1625.0242920530977,11264.2,6,8,106.6,1009.1
0.31232935216249114,242.0,100.0,0.0,25.201,HAM,1633.6619444444443,11381.0,6,8,103.61430771413566,1000.6561845868721
0.31352387780369656,243.53333333333333,100.0,0.0,25.293,HAM,1639.909999800718,11481.05,6,8,101.4,994.5
0.31546476300613835,246.0,100.0,0.0,25.441,HAM,1650.0619444444442,11642.0,6,8,97.97042607188271,984.949208749701
0.3164212883577615,247.8,100.0,0.0,25.513,HAM,1655.0651215554772,11696.0,6,8,96.3,980.3
0.31867664728499645,252.0,100.0,0.0,25.681,HAM,1666.8619444444444,11822.0,6,8,92.31807213565979,969.2502343653929
0.3193775784457055,252.65,100.0,0.0,25.733,HAM,1670.528217098607,11839.333333333334,6,8,91.1,965.9
0.32192676828146,255.0,100.0,0.0,25.921,HAM,1683.8619444444444,11902.0,6,8,86.76999275937646,954.1101281889217
0.322364538880308,255.57142857142858,100.0,0.0,25.953,HAM,1686.1517361748183,11766.114285714286,6,8,86.0,952.0
0.3254035421772374,259.5,100.0,0.0,26.173,HAM,1702.0474693195267,10831.9,6,8,80.4,936.5
0.3257929252837892,260.0,100.0,0.0,26.201,HAM,1704.0841666666668,10713.0,7,14,79.69143017394582,934.5440548991139
0.3284788175355101,263.2,100.0,0.0,26.393,HAM,1718.1329261832934,10853.8,7,14,74.9,921.4
0.3291577564330691,264.0,100.0,0.0,26.441,HAM,1721.6841666666667,10889.0,7,12,73.68786730419129,918.0930986579418
0.33161924235449414,268.3,100.0,0.0,26.613,HAM,1734.5591521548247,10976.433333333332,7,12,69.3,906.1
0.3325990610175599,270.0,100.0,0.0,26.681,HAM,1739.684166666667,11011.0,7,12,67.56991892977922,901.3003755419238
0.334796393292517,271.9,100.0,0.0,26.833,HAM,1751.1774768280163,11115.5,7,12,63.7,890.5
0.3360786023196562,273.0,100.0,0.0,26.921,HAM,1757.8841666666667,11176.0,7,12,61.437283245469544,884.2493533209184
0.33802095276806193,275.75,100.0,0.0,27.053,HAM,1768.0437753885656,11268.4,7,12,58.0,874.8
0.33962187148442824,278.0,100.0,0.0,27.161,HAM,1776.4175000000002,11344.0,7,12,55.136558807566736,866.9037070752859
0.34128901539721157,279.4,100.0,0.0,27.273,HAM,1785.1376204349485,11356.6,7,12,52.2,858.8
0.3432033773668057,281.0,100.0,0.0,27.401,HAM,1795.1508333333334,11371.0,7,12,48.98588269833785,849.9474105187616
0.344585597237351,282.15,100.0,0.0,27.493,HAM,1802.380637339042,11471.816666666668,7,12,46.6,843.4
0.34682311996678855,284.0,100.0,0.0,27.641,HAM,1814.0841666666665,11634.0,7,12,42.425099741240004,831.9870938233034
0.34791971249995524,285.2,100.0,0.0,27.713,HAM,1819.8199756055085,11655.3,7,12,40.4,826.4
0.35049384485691215,288.0,100.0,0.0,27.881,HAM,1833.2841666666668,11705.0,7,12,35.903150551917314,813.7935689152395
0.3512925213642773,288.43333333333334,100.0,0.0,27.933,HAM,1837.4617036383613,11725.15,7,12,34.5,809.9
0.354190060892106,290.0,100.0,0.0,28.121,HAM,1852.6175,11798.0,7,12,29.26071821248226,795.649485740354
0.35467028711210136,290.3875008,100.0,0.0,28.152,HAM,1855.12935901965,11631.891323733333,7,12,28.4,793.3
0.35779958260570593,292.9,100.0,0.0,28.353,HAM,1871.49737222567,10554.866666666667,7,12,22.9,778.1
0.3579245136449053,293.0,100.0,0.0,28.361,HAM,1872.1508333333336,10512.0,8,12,22.680397311096065,777.4907349846948
0.36124448139070914,294.76666666666665,100.0,0.0,28.573,HAM,1889.5161719592115,10594.15,8,12,16.8,761.2
0.3616844575427749,295.0,100.0,0.0,28.601,HAM,1891.8175,10605.0,8,12,16.015430030533896,759.0400857314958
0.36471100995261263,296.6,100.0,0.0,28.793,HAM,1907.648107852208,10698.6,8,12,10.6,744.2
0.3654698925857148,297.0,100.0,0.0,28.841,HAM,1911.6175000000003,10722.0,8,12,9.243020077554561,740.4780740143577
0.36819672921282054,298.43333333333334,100.0,0.0,29.013,HAM,1925.8804221223575,10782.916666666666,8,12,4.4,727.1
0.369280818773725,299.0,100.0,0.0,29.081,HAM,1931.5508333333335,10807.0,8,12,2.512890285965334,721.7942249357866
0.3717182328662581,301.2686545493449,100.0,0.0,29.233,HAM,1944.2999093271658,10842.542254606404,8,12,-1.7,709.9
0.37250449270717806,302.0,100.0,0.0,29.282,HAM,1948.4125000000001,10854.0,8,12,-3.083635532471851,706.0554696631374
0.3752441061849467,302.0,100.0,0.0,29.453,HAM,1962.7422523916011,10853.2875008,8,12,-8.0,692.6
0.3763536556127937,302.0,100.0,0.0,29.522,HAM,1968.5458333333333,10853.0,8,12,-10.00634184948992,687.1534995520167
0.3787968006672363,303.8874976,100.0,0.0,29.673,HAM,1981.3248855503791,10942.970718933333,8,12,-14.4,675.2
0.3802410552360148,305.0,100.0,0.0,29.762,HAM,1988.8791666666668,10996.0,8,12,-16.95282061640176,668.1322657726753
0.3823675783259011,305.54583253333334,100.0,0.0,29.893,HAM,2000.0021041103505,11019.470798933333,8,12,-20.7,657.7
0.3841412004317711,306.0,100.0,0.0,30.002,HAM,2009.2791666666667,11039.0,8,12,-23.861727163485668,648.9941698646489
0.3859541348045458,306.9249984,100.0,0.0,30.113,HAM,2018.7618549637195,11039.0,8,12,-27.1,640.1
0.3880668367725977,308.0,100.0,0.0,30.242,HAM,2029.8125000000002,11039.0,8,12,-30.85639489549188,629.7218040543137
0.3895588346746924,308.37916586666665,100.0,0.0,30.333,HAM,2037.6165061779884,11062.8874496,8,12,-33.5,622.4
0.3920052186859593,309.0,100.0,0.0,30.482,HAM,2050.4125,11102.0,8,12,-37.819437977283556,610.4375440425827
0.3931727575543287,309.29583253333334,100.0,0.0,30.553,HAM,2056.51939903049,11109.9874784,8,12,-39.9,604.7
0.3959563461718562,310.0,100.0,0.0,30.722,HAM,2071.079166666667,11129.0,8,12,-44.92265965139735,590.940503085696
0.396797494254651,310.18214217142855,100.0,0.0,30.773,HAM,2075.4788543777,11131.367848228572,8,12,-46.4,586.9
0.40043197041193224,310.96785645714283,100.0,0.0,30.993,HAM,2094.489252680105,11141.582133942857,8,12,-52.6,569.9
0.4005808647400269,311.0,100.0,0.0,31.002,HAM,2095.2680555555557,11142.0,8,12,-52.86671592370074,569.1647820948099
0.40407632653601744,311.88284509416843,100.0,0.0,31.213,HAM,2113.551328884917,11192.3221703676,8,12,-59.4,551.1
0.4045409141266984,312.0,100.0,0.0,31.241,HAM,2115.9813888888893,11199.0,8,12,-60.24826727396987,548.7607471196659
0.4077314036834164,312.8,100.0,0.0,31.433,HAM,2132.6694822008685,11247.8,8,12,-65.9,533.2
0.4085302783302007,313.0,100.0,0.0,31.481,HAM,2136.848055555556,11260.0,8,12,-67.31859739905133,529.2743294983529
0.41139701736941475,313.71666666666664,100.0,0.0,31.653,HAM,2151.8427476669162,11276.483333333334,8,12,-72.5,514.9
0.4125323881062382,314.0,100.0,0.0,31.721,HAM,2157.7813888888895,11283.0,8,12,-74.61984497102976,509.04472401141857
0.41507453744103784,314.6333333333333,100.0,0.0,31.873,HAM,2171.0782903699783,11300.733333333334,8,12,-79.4,495.9
0.4165472434548108,315.0,100.0,0.0,31.961,HAM,2178.7813888888895,11311.0,8,12,-82.07638219947557,488.57311201526363
0.41875592363676845,315.0,100.0,0.0,32.093,HAM,2190.3340551232036,11293.4,8,12,-86.0,477.8
0.42056209880338347,315.0,100.0,0.0,32.201,HAM,2199.7813888888895,11279.0,8,12,-89.1868601899057,468.9262318382804
0.42243381770776617,315.0,100.0,0.0,32.313,HAM,2209.5715540578567,11307.933333333332,8,12,-92.5,459.7
0.42457695415195607,315.0,100.0,0.0,32.441,HAM,2220.7813888888895,11341.0,8,12,-96.33359883415878,449.1758987336939
0.4261242366874673,315.76666666666665,100.0,0.0,32.533,HAM,2228.8745654605655,11362.85,8,12,-99.1,441.6
0.4286173006455989,317.0,100.0,0.0,32.681,HAM,2241.9147222222223,11398.0,8,12,-103.54252181755751,429.36098770978913
0.4298267678357922,316.7,100.0,0.0,32.753,HAM,2248.2409304635953,11394.4,8,12,-105.7,423.4
0.4326449015667067,316.0,100.0,0.0,32.921,HAM,2262.9813888888893,11386.0,8,12,-110.73069064640156,409.49971736434327
0.43351845024134317,316.21666666666664,100.0,0.0,32.973,HAM,2267.5505503093345,11392.066666666668,8,12,-112.3,405.2
0.4366852480603497,317.0,100.0,0.0,33.161,HAM,2284.114722222223,11414.0,8,12,-118.02976289582973,389.65422250813253
0.4372263302309614,317.26666666666665,100.0,0.0,33.193,HAM,2286.9448928252277,11418.933333333332,8,12,-119.0,387.0
0.44075108569906296,319.0,100.0,0.0,33.401,HAM,2305.38138888889,11451.0,8,12,-125.24051890674937,369.69582236399015
0.44095406698059836,318.95,100.0,0.0,33.413,HAM,2306.4430976036906,11451.45,8,12,-125.6,368.7
0.4446689160133037,318.03333333333336,100.0,0.0,33.633,HAM,2325.8738922186317,11459.7,8,12,-132.2,350.5
0.4448041777652409,318.0,100.0,0.0,33.641,HAM,2326.5813888888893,11460.0,8,12,-132.4397445766179,349.8370057768902
0.44839559567282805,318.8833333333333,100.0,0.0,33.853,HAM,2345.3665678085094,11436.15,8,12,-138.8,332.2
0.44887001540395416,319.0,100.0,0.0,33.881,HAM,2347.848055555556,11433.0,8,12,-139.64717743025602,329.8609229175496
0.45212180111570144,319.0,100.0,0.0,34.073,HAM,2364.856762972866,11450.6,8,12,-145.5,313.8
0.4529358530426674,319.0,100.0,0.0,34.121,HAM,2369.114722222223,11455.0,8,12,-146.96645237829574,309.79996159086414
0.45585859004402174,319.71666666666664,100.0,0.0,34.293,HAM,2384.402315846303,11482.95,8,12,-152.2,295.5
0.45701443625391575,320.0,100.0,0.0,34.361,HAM,2390.448055555556,11494.0,8,12,-154.24043309086582,289.8339115240045
0.4595962193608828,320.0,100.0,0.0,34.513,HAM,2403.9522644346093,11496.171428571428,8,12,-158.8,277.1
0.4617727833337055,320.0,100.0,0.0,34.641,HAM,2415.336944444445,11498.0,8,12,-162.7470085299104,266.25052737601595
0.46332366082144955,320.37916693333335,100.0,0.0,34.732,HAM,2423.448924681592,11498.0,8,12,-165.5,258.7
0.46586411211748907,321.0,100.0,0.0,34.881,HAM,2436.7369444444453,11498.0,8,12,-169.78470546188632,246.8735075601518
0.46674891607977265,320.78333333333336,100.0,0.0,34.933,HAM,2441.3649774854266,11504.066666666668,8,12,-171.3,242.7
0.46994269532873745,320.0,100.0,0.0,35.121,HAM,2458.0702777777788,11526.0,8,12,-177.02161887531147,227.0566985471206
0.4704863744398345,320.0,100.0,0.0,35.153,HAM,2460.914031871459,11527.733333333334,8,12,-178.0,224.4
0.47402127853998577,320.0,100.0,0.0,35.361,HAM,2479.403611111112,11539.0,8,12,-184.3279503948679,207.38639022213806
0.4742252070985692,320.0,100.0,0.0,35.373,HAM,2480.4702746290823,11535.9,8,12,-184.7,206.4
0.47796387318385536,320.0,100.0,0.0,35.593,HAM,2500.025646111874,11479.066666666668,8,12,-191.6,188.1
0.4780998617512342,320.0,100.0,0.0,35.601,HAM,2500.7369444444453,11477.0,8,12,-191.8429526094799,187.43072918130127
0.48147297752266194,316.0,71.0,100.0,35.802,HAM,2518.3802777777787,11121.0,8,8,-197.60835403656824,170.69563276349544
0.48164974206365824,314.39586133333336,67.88338773333334,100.0,35.813,HAM,2519.304857878091,11059.446907733334,8,8,-197.9,169.8
0.4849328545863896,282.312528,5.550054399999993,100.0,36.033,HAM,2536.4774225140422,9828.3635744,8,8,-203.2,152.7
0.4850544834050395,281.0,3.0,100.0,36.042,HAM,2537.1136111111123,9778.0,8,8,-203.39864144253906,152.05228895063533
0.48763126378313465,234.40420906666668,0.36250240000000034,100.0,36.253,HAM,2550.591652844107,9043.017335466666,8,8,-207.6,138.1
0.4879604739430539,228.0,0.0,100.0,36.282,HAM,2552.313611111112,8942.0,8,8,-208.08385412316073,136.32667841871407
0.4900172244046855,204.92085653333334,0.0,100.0,36.473,HAM,2563.071597624778,8790.791818666667,8,8,-210.7,125.4
0.490496842877549,199.0,0.0,100.0,36.522,HAM,2565.580277777779,8752.0,7,8,-211.23999376881252,122.79256437424533
0.4919945197802646,171.9250304,0.0,100.0,36.693,HAM,2573.4139883915896,8727.7750272,7,8,-212.8,114.3
0.4925488800557084,161.0,0.0,100.0,36.762,HAM,2576.3136111111126,8718.0,7,8,-213.3447219206483,111.13430454335978
0.49369558560736143,147.7875168,0.0,100.0,36.913,HAM,2582.3115399264743,8677.104218666667,7,8,-214.4,104.7
0.4943332602106296,140.0,0.0,100.0,37.002,HAM,2585.646944444446,8653.0,6,8,-214.9499150372617,101.19522248279871
0.4952244671103432,131.26667946666666,0.0,100.0,37.133,HAM,2590.308468526662,8474.512761599999,6,8,-215.7,96.4
0.4959137112049883,124.0,0.0,100.0,37.242,HAM,2593.9136111111125,8326.0,4,8,-216.31458774728935,92.71372006021554
0.49655940254123015,115.6750144,0.0,100.0,37.353,HAM,2597.290947748135,7966.1756224,4,8,-216.9,89.2
0.49726474189371433,106.0,0.0,100.0,37.482,HAM,2600.980277777779,7548.0,3,8,-217.48579542185865,85.36524696020845
0.497752536087398,103.34583893333334,0.0,100.0,37.573,HAM,2603.531721647606,7147.980010666666,3,8,-217.8,82.8
0.4985265535746943,99.0,0.0,100.0,37.722,HAM,2607.580277777779,6493.0,3,8,-218.08335403627774,78.81840783228498
0.4988799991162928,96.62343547991469,0.0,100.0,37.793,HAM,2609.429001014149,6602.321967923924,3,8,-218.1,77.0
0.4996815679791401,91.0,0.0,100.0,37.961,HAM,2613.621666666668,6861.0,3,8,-217.80099213620824,72.88816716964251
0.4999222408518925,89.7,0.0,100.0,38.013,HAM,2614.880524057283,6787.116666666667,3,8,-217.6,71.7
0.5007649416446279,85.0,0.0,100.0,38.201,HAM,2619.2883333333343,6520.0,2,8,-216.39540999240245,67.80234631417494
0.5009043290258818,84.33333333333333,0.0,100.0,38.233,HAM,2620.0174094150843,6450.4,2,8,-216.1,67.2
0.50178458744744,80.0,0.0,0.0,38.441,HAM,2624.621666666668,5998.0,2,8,-213.4866878555628,63.76515049093557
0.5018342726335224,79.8,0.15,0.0,38.453,HAM,2624.881548733926,6010.2,2,8,-213.3,63.6
0.5027220558945589,76.13333333333334,2.9,0.0,38.673,HAM,2629.525165218987,6233.866666666667,2,8,-209.3,61.3
0.5027532509601115,76.0,3.0,0.0,38.681,HAM,2629.6883333333344,6242.0,2,8,-209.14257212089598,61.24377808749172
0.5035615413918197,72.46666666666667,24.2,0.0,38.893,HAM,2633.916156652525,6836.483333333334,2,8,-204.8,60.4
0.5036709321826425,72.0,27.0,0.0,38.921,HAM,2634.4883333333346,6915.0,2,8,-204.21168679175517,60.36035554077836
0.5044522140324742,76.0,32.6,0.0,39.113,HAM,2638.5748862529313,7025.4,2,8,-200.1,60.4
0.5046523412678491,77.0,34.0,0.0,39.161,HAM,2639.621666666668,7053.0,2,8,-199.0464449380999,60.44689907118003
0.5053789944170037,79.15,41.166666666666664,0.0,39.333,HAM,2643.422480097636,7233.6,2,8,-195.2,60.7
0.5056719870706612,80.0,44.0,0.0,39.401,HAM,2644.9550000000013,7305.0,2,8,-193.66189035023694,60.83995179695997
0.5063419425736274,83.16666666666667,50.96666666666667,0.0,39.553,HAM,2648.459252168711,7726.166666666667,2,8,-190.2,61.2
0.506755360736149,85.0,55.0,0.0,39.641,HAM,2650.621666666668,7970.0,2,8,-188.18858089887243,61.401659806714825
0.5074256357284902,92.15,61.6,0.0,39.773,HAM,2654.127589948355,8199.9,2,8,-185.0,61.7
0.5080044268445938,98.0,67.0,0.0,39.881,HAM,2657.155000000001,8388.0,2,8,-182.0404124560651,61.9517248142437
0.508622045901705,101.26666666666667,61.4,0.0,39.993,HAM,2660.3855024896975,8388.0,2,8,-178.8,62.2
0.5093427119607846,105.0,55.0,0.0,40.121,HAM,2664.155000000001,8388.0,2,8,-175.09818048689775,62.44191517428893
0.5098653465176278,105.76666666666667,48.86666666666667,0.0,40.213,HAM,2666.888678984876,8258.816666666668,2,8,-172.4,62.6
0.5107064882220458,107.0,39.0,0.0,40.361,HAM,2671.2883333333343,8051.0,3,8,-167.96317199788527,62.81200948101482
0.5111109986169919,106.4,35.4,0.0,40.433,HAM,2673.4041550893758,7931.9,3,8,-165.9,62.7
0.5120447733382367,105.0,27.0,0.0,40.601,HAM,2678.2883333333343,7654.0,3,8,-161.56852771473638,61.5523122624198
0.512332038992926,104.78333333333333,27.216666666666665,0.0,40.653,HAM,2679.790897740946,7674.583333333333,3,8,-160.4,60.9
0.5133703128818924,104.0,28.0,0.0,40.841,HAM,2685.2216666666677,7749.0,3,8,-156.95209125819073,57.34356408264999
0.513548710518717,104.26666666666667,29.2,0.0,40.873,HAM,2686.1547887963725,7764.333333333333,3,8,-156.5,56.6
0.5147213435706184,106.0,37.0,0.0,41.081,HAM,2692.2883333333343,7864.0,3,8,-154.4013103515939,50.96678151693371
0.5147895675274179,106.15,38.0,0.0,41.093,HAM,2692.6451838219323,7880.9,3,8,-154.3,50.6
0.5160566287399954,108.8875008,56.250005333333334,0.0,41.312,HAM,2699.272641888034,8189.325090133333,3,8,-152.6,43.4
0.5161106109769499,109.0,57.0,0.0,41.321,HAM,2699.5550000000007,8202.0,3,8,-152.53618255699303,43.109496572762126
0.5173051431071041,116.2,65.8,0.0,41.513,HAM,2705.8030892972047,8796.4,3,8,-151.2,37.1
0.5176145885360978,118.0,68.0,0.0,41.561,HAM,2707.4216666666675,8945.0,3,8,-150.81733568985746,35.56663808584588
0.5187553622840327,123.73333333333333,79.46666666666667,0.0,41.733,HAM,2713.388568740774,9380.016666666666,3,8,-149.3,29.9
0.5192205306755268,126.0,84.0,0.0,41.801,HAM,2715.8216666666676,9552.0,3,8,-148.6955381509625,27.60375649121145
0.5202908000444098,131.7,84.63333333333334,0.0,41.953,HAM,2721.4197903336967,10121.366666666667,3,8,-147.3,22.3
0.5209411829677721,135.0,85.0,0.0,42.041,HAM,2724.8216666666676,10451.0,3,8,-146.40844650136006,19.05729811940636
0.5219698480523456,143.21576108951814,87.73858702983938,0.0,42.173,HAM,2730.2021760251732,10944.493382777056,3,8,-145.0,14.0
0.5228609848308793,150.0,90.0,0.0,42.282,HAM,2734.863333333334,11352.0,3,8,-143.83444056210223,9.71152874856928
0.5238022677903195,156.0124896,94.624992,0.0,42.393,HAM,2739.786783976524,11494.9122528,3,8,-142.6,5.2
0.524938513154109,163.0,100.0,0.0,42.522,HAM,2745.730000000001,11661.0,3,8,-141.0457816300067,-0.27980057496730987
0.525767019228509,167.5499904,100.0,0.0,42.613,HAM,2750.063562744319,11501.750336,3,8,-139.9,-4.3
0.5271689883477605,175.0,100.0,0.0,42.762,HAM,2757.396666666668,11241.0,3,8,-137.96933395765592,-11.15437443810595
0.5278551486498305,177.95832533333333,100.0,0.0,42.833,HAM,2760.9856792443175,11266.145765333333,3,8,-137.0,-14.5
0.5295269192667634,185.0,100.0,0.0,43.002,HAM,2769.7300000000014,11326.0,4,8,-134.5147758202893,-22.608373574874445
0.5300383070571163,186.4874944,100.0,0.0,43.053,HAM,2772.4048519348853,11224.6378816,4,8,-133.7,-25.1
0.5319740691935124,192.0,100.0,0.0,43.242,HAM,2782.530000000001,10849.0,4,8,-130.38621859637504,-34.52518485586205
0.5323015637638067,193.5499904,100.0,0.0,43.273,HAM,2784.242984747664,10878.8373152,4,8,-129.8,-36.1
0.5345741659906833,204.0,100.0,0.0,43.482,HAM,2796.130000000001,11080.0,5,8,-125.53918468899533,-46.92173390407091
0.5346955661816136,204.32082773333335,100.0,0.0,43.493,HAM,2796.764992742752,11097.141367466667,5,8,-125.3,-47.5
0.5371604445228335,210.7374944,100.0,0.0,43.713,HAM,2809.657722535376,11439.9747008,5,8,-120.2,-59.2
0.5372634817956001,211.0,100.0,0.0,43.722,HAM,2810.1966666666676,11454.0,5,8,-119.97835103406783,-59.68083367129026
0.5397262539611171,218.9124928,100.0,0.0,43.933,HAM,2823.078379950371,11898.857928533333,5,8,-114.5,-71.0
0.5400675077533335,220.0,100.0,0.0,43.962,HAM,2824.8633333333346,11960.0,5,8,-113.70873456047755,-72.57234203405685
0.5423227557547645,222.3874976,100.0,0.0,44.153,HAM,2836.659576016621,11218.284078933333,5,8,-108.3,-83.0
0.5429097704286721,223.0,100.0,0.0,44.202,HAM,2839.730000000001,11028.0,5,8,-106.8709910434396,-85.66759078805543
0.5449962903476492,228.72384754384404,100.0,0.0,44.373,HAM,2850.6436978780816,10941.426805899358,5,8,-101.7,-95.0
0.545841730070727,231.0,100.0,0.0,44.441,HAM,2855.0658333333345,10907.0,6,8,-99.51473935055745,-98.7760793041784
0.5477624901724039,236.06666666666666,100.0,0.0,44.593,HAM,2865.1125121382274,11157.8,6,8,-94.4,-107.3
0.548887921906628,239.0,100.0,0.0,44.681,HAM,2870.9991666666674,11303.0,6,14,-91.34612656917872,-112.21761298682482
0.5505887783045866,241.75,100.0,0.0,44.813,HAM,2879.8956227668427,11420.7,6,14,-86.6,-119.6
0.5519978416052049,244.0,100.0,0.0,44.921,HAM,2887.2658333333343,11517.0,6,12,-82.51598927891533,-125.69123565836176
0.5534805687911117,247.26666666666668,100.0,0.0,45.033,HAM,2895.02134833965,11605.666666666666,6,12,-78.1,-132.0
0.555196980311528,251.0,100.0,0.0,45.161,HAM,2903.999166666668,11707.0,6,12,-72.84207010522852,-139.1255135221739
0.5564414074205283,252.91666666666666,100.0,0.0,45.253,HAM,2910.5082353678104,11224.0,6,12,-68.9,-144.2
0.5584598468805266,256.0,100.0,0.0,45.401,HAM,2921.0658333333345,10447.0,7,12,-62.24526272618105,-152.29283838495166
0.5594477117823832,257.2,100.0,0.0,45.473,HAM,2926.2329342966013,10521.7,7,12,-58.9,-156.2
0.5617736957396658,260.0,100.0,0.0,45.641,HAM,2938.3991666666675,10696.0,7,12,-50.864840720904816,-165.23717310453475
0.5625023816664793,261.3,100.0,0.0,45.693,HAM,2942.2106126926174,10731.966666666667,7,12,-48.3,-168.0
0.5651640180340161,266.0,100.0,0.0,45.881,HAM,2956.132500000001,10862.0,7,12,-38.69006602219325,-177.83988325331927
0.565618937681374,266.4,100.0,0.0,45.913,HAM,2958.511991106178,10877.6,7,12,-37.0,-179.5
0.5685925770459718,269.0,100.0,0.0,46.121,HAM,2974.0658333333345,10979.0,7,12,-25.745289536064426,-190.11268740191375
0.5687656760328476,269.25,100.0,0.0,46.133,HAM,2974.9712404797424,10989.5,7,12,-25.1,-190.7
0.57196779328941,273.8333333333333,100.0,0.0,46.353,HAM,2991.7201533420002,11182.0,7,12,-13.2,-201.2
0.5720848639206031,274.0,100.0,0.0,46.361,HAM,2992.332500000001,11189.0,7,12,-12.739671923698918,-201.6006824492829
0.5752009589108792,276.65,100.0,0.0,46.573,HAM,3008.631466989948,11291.466666666667,7,12,0.1,-212.7
0.57561538751284,277.0,100.0,0.0,46.601,HAM,3010.7991666666676,11305.0,7,12,1.780482073996902,-214.1349063040563
0.5784772034041377,280.2,100.0,0.0,46.793,HAM,3025.768107886086,11458.6,7,12,13.1,-223.7
0.5791968933952175,281.0,100.0,0.0,46.841,HAM,3029.532500000001,11497.0,7,12,15.95574003430833,-226.10376105785468
0.5817874609044952,283.15,100.0,0.0,47.013,HAM,3043.0826563497612,11562.933333333332,7,12,26.3,-234.8
0.5828166359952005,284.0,100.0,0.0,47.081,HAM,3048.4658333333346,11589.0,7,12,30.403875248323153,-238.24843170158337
0.5851275540260967,285.9,100.0,0.0,47.233,HAM,3060.5532622530527,11636.5,7,12,39.6,-246.0
0.5864746153127888,287.0,100.0,0.0,47.321,HAM,3067.5991666666673,11664.0,7,12,44.943006419724796,-250.5462534955309
0.5885101917386123,289.2,100.0,0.0,47.453,HAM,3078.2464008086126,11570.5,7,12,53.0,-257.4
0.5901835769205178,291.0,100.0,0.0,47.561,HAM,3086.9991666666674,11494.0,7,12,59.64939603859184,-262.97794394990325
0.5919220962848285,291.8,100.0,0.0,47.673,HAM,3096.092621718169,11135.2,7,12,66.6,-268.8
0.5945404384654502,293.0,100.0,0.0,47.841,HAM,3109.788055555556,10597.0,8,12,77.1157407225509,-277.70933307621976
0.5953392542224408,293.6375008,100.0,0.0,47.892,HAM,3113.9663208827906,10603.375008,8,12,80.3,-280.4
0.598313127935855,296.0,100.0,0.0,48.081,HAM,3129.5213888888898,10627.0,8,12,92.04889442677458,-290.2662713863236
0.5985024099582701,296.1,100.0,0.0,48.093,HAM,3130.511442608292,10631.2,8,12,92.8,-290.9
0.6019840732083384,297.93333333333334,100.0,0.0,48.313,HAM,3148.722541615241,10708.2,8,12,106.7,-302.7
0.60211130855133,298.0,100.0,0.0,48.321,HAM,3149.388055555556,10711.0,8,12,107.2055182940965,-303.1275694685535
0.6054990676103276,300.65,100.0,0.0,48.533,HAM,3167.107981695421,10800.216666666667,8,12,120.6,-314.4
0.6059477258844105,301.0,100.0,0.0,48.561,HAM,3169.4547222222227,10812.0,8,12,122.3839180205965,-315.90290406168526
0.6090273311332484,301.8,100.0,0.0,48.753,HAM,3185.562826901159,10856.8,8,12,134.7,-326.3
0.6097968887900262,302.0,100.0,0.0,48.801,HAM,3189.5880555555564,10868.0,8,12,137.77697468137532,-328.89666270587213
0.6125539654555067,302.0,100.0,0.0,48.973,HAM,3204.0091504514594,10925.333278567217,8,12,148.8,-338.2
0.6130205627234793,302.0,100.0,0.0,49.002,HAM,3206.449722222223,10935.0,8,12,150.66493369431169,-339.7767396313876
0.6161115999675991,304.3874976,100.0,0.0,49.193,HAM,3222.617622804144,10986.729114666667,8,12,163.0,-350.2
0.6169079623467003,305.0,100.0,0.0,49.242,HAM,3226.783055555556,11000.0,8,12,166.17730828426878,-352.8672291629192
0.6196945521032171,306.4249984,100.0,0.0,49.413,HAM,3241.358520872795,11014.249984,8,12,177.4,-362.2
0.6208208531149918,307.0,100.0,0.0,49.482,HAM,3247.2497222222228,11020.0,8,12,182.06423216079796,-366.02558673973897
0.6232879535771064,307.62916586666665,100.0,0.0,49.633,HAM,3260.154074983731,11075.995762133334,8,12,192.4,-374.4
0.6247464894558183,308.0,100.0,0.0,49.722,HAM,3267.783055555556,11109.0,8,12,198.40042610267855,-379.1997964087781
0.6269019565198224,309.0916650666667,100.0,0.0,49.853,HAM,3279.0573866121354,11123.7374784,8,12,207.2,-386.1
0.6286976169417152,310.0,100.0,0.0,49.962,HAM,3288.449722222223,11136.0,8,12,214.6263741054443,-391.7331684404366
0.6305237415220305,310.0,100.0,0.0,50.073,HAM,3298.0014028824626,11151.064259657143,8,12,222.3,-397.4
0.6333072656752614,310.0,100.0,0.0,50.242,HAM,3312.5608333333334,11174.0,8,12,234.16945458525106,-405.9194719049739
0.6341505982216479,310.4249984,100.0,0.0,50.293,HAM,3316.9719470439213,11183.3499648,8,12,237.7,-408.4
0.6372838843062286,312.0,100.0,0.0,50.482,HAM,3333.3608333333336,11218.0,8,12,250.58269554294057,-417.22272562946654
0.6377974090140512,312.0,100.0,0.0,50.513,HAM,3336.0468625742396,11223.295800533333,8,12,252.8,-418.7
0.6412605029371958,312.0,100.0,0.0,50.722,HAM,3354.160833333334,11259.0,8,12,268.66765309814275,-428.97458599003255
0.6414433757428001,312.0916650666667,100.0,0.0,50.733,HAM,3355.117363166732,11260.9249664,8,12,269.5,-429.5
0.6451124736829609,313.9249984,100.0,0.0,50.953,HAM,3374.3088532837473,11299.4249664,8,12,285.8,-439.5
0.6452626127132333,314.0,100.0,0.0,50.962,HAM,3375.094166666667,11301.0,8,12,286.469794722166,-439.89962225935096
0.6487806767519474,314.0,100.0,0.0,51.173,HAM,3393.4956627104193,11317.7740567892,8,12,302.4,-449.1
0.6492480470318706,314.0,100.0,0.0,51.201,HAM,3395.940277777778,11320.0,8,12,304.542065373576,-450.2757202157487
0.6524586916985502,314.8,100.0,0.0,51.393,HAM,3412.73379389393,11316.0,8,12,319.4,-458.0
0.6532629023804432,315.0,100.0,0.0,51.441,HAM,3416.940277777778,11315.0,8,12,323.16248709955795,-459.8373908045851
0.6561491856907669,315.71666666666664,100.0,0.0,51.613,HAM,3432.0371976551896,11356.566666666668,8,12,336.8,-466.2
0.6572905033015509,316.0,100.0,0.0,51.681,HAM,3438.0069444444443,11373.0,8,12,342.2554411375044,-468.6893775659619
0.659840246172794,316.0,100.0,0.0,51.833,HAM,3451.3435644836054,11369.833333333334,8,12,354.5,-474.2
0.6613181042226587,316.0,100.0,0.0,51.921,HAM,3459.0736111111114,11368.0,8,12,361.5383961017461,-477.3326592868149
0.6635396402002256,316.55,100.0,0.0,52.053,HAM,3470.6935205420928,11377.9,8,12,372.1,-482.0
0.6653584507163017,317.0,100.0,0.0,52.161,HAM,3480.206944444445,11386.0,8,12,380.8456358260921,-485.851766229432
0.6672433188467133,317.0,100.0,0.0,52.273,HAM,3490.065887619749,11387.866666666667,8,12,389.9,-489.8
0.6693987972099447,317.0,100.0,0.0,52.401,HAM,3501.3402777777787,11390.0,8,12,400.0810525446156,-494.15308670531766
0.6709511415348598,317.3833333333333,100.0,0.0,52.493,HAM,3509.4599304160256,11405.716666666667,8,12,407.4,-497.2
0.6734518892761227,318.0,100.0,0.0,52.641,HAM,3522.540277777778,11431.0,8,12,419.32661111651413,-501.9926757264326
0.6746688063082967,317.7,100.0,0.0,52.713,HAM,3528.905452972631,11443.3,8,12,425.2,-504.3
0.6774922357697656,317.0,100.0,0.0,52.881,HAM,3543.6736111111118,11472.0,8,12,439.05114304452707,-509.6572232981331
0.6783538681098347,313.96666666666664,82.66666666666666,0.0,52.933,HAM,3548.1804432558574,11362.15,8,12,443.3,-511.3
0.6813541442479164,303.0,20.0,100.0,53.121,HAM,3563.873611111112,10965.0,8,8,458.26280903963396,-517.1377372141508
0.6818293477907235,297.8,17.333333333333332,100.0,53.153,HAM,3566.359198643548,10746.733333333334,8,8,460.7,-518.1
0.6847189753971963,264.0,0.0,100.0,53.361,HAM,3581.4736111111115,9328.0,8,8,475.6706345998611,-524.0711839489173
0.684882792653089,263.45,0.0,100.0,53.373,HAM,3582.330469472141,9345.25,8,8,476.5,-524.4
0.6878404113017746,253.36666666666667,0.0,100.0,53.593,HAM,3597.8005141512053,9661.5,8,8,491.1,-530.0
0.6879436052485896,253.0,0.0,100.0,53.601,HAM,3598.3402777777783,9673.0,7,8,491.6052030182453,-530.178985618795
0.690546062384747,232.68333333333334,0.0,100.0,53.813,HAM,3611.952623706689,10407.05,7,8,504.3,-534.0
0.6908750869316743,230.0,0.0,100.0,53.841,HAM,3613.6736111111118,10504.0,7,8,505.88053629000177,-534.3178278361447
0.6930581003862685,216.4,0.0,100.0,54.033,HAM,3625.0920256158274,10389.6,7,8,516.3,-535.2
0.6935898938816616,213.0,0.0,100.0,54.081,HAM,3627.873611111112,10361.0,6,8,518.8862990206806,-535.0703119188518
0.6954590675003791,205.83333333333334,0.0,100.0,54.253,HAM,3637.6504629737883,10578.15,6,8,528.3,-533.5
0.6961772451062972,203.0,0.0,100.0,54.321,HAM,3641.406944444445,10664.0,6,8,532.1848254409339,-532.4354573724752
0.6977250396993075,196.07916373333333,1.8875008,100.0,54.472,HAM,3649.5027993710173,10263.8498304,6,8,540.7,-529.4
0.6986243950330462,192.0,3.0,100.0,54.561,HAM,3654.206944444445,10028.0,5,8,545.1486372740688,-527.4050797024746
0.6997552759293589,190.6,11.4,100.0,54.673,HAM,3660.1221012211417,9941.2,5,8,550.3,-524.6
0.7010333082421898,189.0,21.0,0.0,54.801,HAM,3666.806944444445,9842.0,5,8,555.8998217836186,-520.8348777297577
0.7019326017169457,186.31666666666666,30.583333333333336,0.0,54.893,HAM,3671.5107659598552,9818.616666666667,5,8,559.6,-517.9
0.7033530024435872,182.0,46.0,0.0,55.041,HAM,3678.940277777778,9781.0,5,8,564.8467075282405,-512.8866825342583
0.7040370806329114,181.1,53.2,0.0,55.113,HAM,3682.518399709597,9843.1,5,8,567.4,-509.8
0.7056344599273793,179.0,70.0,0.0,55.281,HAM,3690.8736111111116,9988.0,5,8,573.641323574138,-500.44552785190507
0.7061376733455776,180.29353110269665,72.84576842593265,0.0,55.333,HAM,3693.505706383466,9991.36318086701,5,8,575.2,-497.6
0.7075985526550461,184.0,81.0,0.0,55.482,HAM,3701.146944444445,10001.0,5,8,578.0892556784071,-490.457251720738
0.7082987223393379,184.8874976,82.47916266666667,0.0,55.553,HAM,3704.8092341394786,10080.283118933334,5,8,579.0,-487.1
0.7099819747191194,187.0,86.0,0.0,55.722,HAM,3713.613611111112,10269.0,5,8,580.5059796206342,-478.48256442776557
0.7104981471429959,188.2749952,86.6374976,0.0,55.773,HAM,3716.3134894280875,10320.6373056,5,8,580.7,-475.8
0.7124418702184037,193.0,89.0,0.0,55.962,HAM,3726.4802777777786,10512.0,5,8,580.2314914899716,-465.7513976102553
0.7127642459973389,193.64582933333332,89.64582933333334,0.0,55.993,HAM,3728.1664883058984,10568.445483733334,5,8,580.0,-464.1
0.7149654935803635,198.0,94.0,0.0,56.202,HAM,3739.6802777777784,10949.0,5,8,577.3885224207431,-452.98490119401947
0.7150829739759081,198.2749952,94.04583253333334,0.0,56.213,HAM,3740.2947677387465,10962.841425066666,5,8,577.2,-452.4
0.7174668420974503,203.7749952,94.9624992,0.0,56.433,HAM,3752.7637675422347,11239.6747584,5,8,572.4,-440.8
0.7175655903775343,204.0,95.0,0.0,56.442,HAM,3753.2802777777783,11251.0,5,8,572.1660674852752,-440.3387127121735
0.7199049589374612,208.39582933333332,90.60417066666666,0.0,56.653,HAM,3765.5165193091025,11496.2872768,5,8,565.9,-429.9
0.7202294150373809,209.0,90.0,0.0,56.682,HAM,3767.2136111111117,11530.0,5,8,564.9280213399759,-428.515600379652
0.7223838333928903,212.18333013333333,93.18333013333333,0.0,56.873,HAM,3778.4824568197823,11683.595678933334,5,8,557.9,-419.7
0.7229442219873681,213.0,94.0,0.0,56.922,HAM,3781.4136111111115,11723.0,5,8,555.9369764652586,-417.52967701773844
0.724927946109954,217.2749952,98.2749952,0.0,57.093,HAM,3791.789627918072,11961.687232,5,8,548.6,-410.3
0.7257355023725662,219.0,100.0,0.0,57.162,HAM,3796.0136111111115,12058.0,5,8,545.4358605016901,-407.5720024428344
0.7275108235869486,220.8874976,100.0,0.0,57.313,HAM,3805.299560981083,12167.4748608,5,8,538.1,-402.0
0.7285650194753698,222.0,100.0,0.0,57.402,HAM,3810.8136111111116,12232.0,5,8,533.5050606879533,-398.9785905625602
0.7301297039192048,224.18333013333333,100.0,0.0,57.533,HAM,3818.997809660685,11494.580247466667,5,8,526.4,-394.9
0.7314455188683139,226.0,100.0,0.0,57.642,HAM,3825.8802777777782,10881.0,6,8,520.2082641745862,-391.857334868772
0.7328001073178138,228.322173580993,100.0,0.0,57.753,HAM,3832.965553577219,10934.409992362838,6,8,513.7,-389.1
0.7343774785103687,231.0,100.0,0.0,57.881,HAM,3841.2161111111113,10996.0,6,8,506.01232453456294,-386.3620195004853
0.7355190841704625,232.53333333333333,100.0,0.0,57.973,HAM,3847.18736456374,11055.416666666666,6,8,500.3,-384.6
0.7373726880561293,235.0,100.0,0.0,58.121,HAM,3856.8827777777783,11151.0,6,8,490.7494015985558,-382.01529355755474
0.738284151141772,236.5,100.0,0.0,58.193,HAM,3861.6502533495454,11229.9,6,8,486.3,-380.9
0.7404316254645655,240.0,100.0,0.0,58.361,HAM,3872.882777777778,11414.0,6,8,476.7947969902443,-378.66790714289385
0.7411002581015057,240.65,100.0,0.0,58.413,HAM,3876.380110597187,11420.933333333332,6,8,473.7,-378.0
0.7435287995906072,243.0,100.0,0.0,58.601,HAM,3889.082777777778,11446.0,6,8,461.25980061350873,-375.5182007872202
0.7439429296183949,243.26666666666668,100.0,0.0,58.633,HAM,3891.248915740042,11480.4,6,8,459.1,-375.1
0.7466514648617193,245.0,100.0,0.0,58.841,HAM,3905.4161111111116,11704.0,6,8,445.2093596190228,-372.5305665375397
0.7468098679586,245.35,100.0,0.0,58.853,HAM,3906.2446503100837,11711.65,6,8,444.4,-372.4
0.7497553365792351,251.76666666666668,100.0,0.0,59.073,HAM,3921.651143362275,11851.9,6,8,429.3,-370.4
0.7498633491405775,252.0,100.0,0.0,59.081,HAM,3922.216111111112,11857.0,6,8,428.7447983505247,-370.3381890707261
0.7527430428752871,255.53333333333333,100.0,0.0,59.293,HAM,3937.278563722363,11294.316666666668,6,8,413.9,-368.9
0.753126215709576,256.0,100.0,0.0,59.321,HAM,3939.282777777778,11220.0,6,8,411.9161724203088,-368.72632101866174
0.7557728664242745,259.2,100.0,0.0,59.513,HAM,3953.126281511587,10760.0,6,8,398.2,-367.6
0.7564400645687154,260.0,100.0,0.0,59.561,HAM,3956.6161111111114,10645.0,7,8,394.76345294317605,-367.3319146411431
0.7588485830717506,262.8666666666667,100.0,0.0,59.733,HAM,3969.214046571407,10769.7,7,8,382.4,-366.4
0.7598048957179954,264.0,100.0,0.0,59.801,HAM,3974.216111111112,10819.0,7,8,377.45596186492077,-366.0343629837352
0.7619470276429955,265.26666666666665,100.0,0.0,59.953,HAM,3985.420691729688,10881.7,7,8,366.3,-365.2
0.7631952180123456,266.0,100.0,0.0,60.041,HAM,3991.949444444445,10918.0,7,8,359.7977320297232,-364.685931055806
0.7650833409792582,268.2,100.0,0.0,60.173,HAM,4001.8254122845474,10965.3,7,8,350.0,-363.9
0.7666365225968363,270.0,100.0,0.0,60.281,HAM,4009.949444444445,11004.0,7,8,341.9599490168369,-363.2803612071256
0.7682505481424307,270.93333333333334,100.0,0.0,60.393,HAM,4018.391725302591,11062.333333333334,7,8,333.6,-362.6
0.7701033183263976,272.0,100.0,0.0,60.521,HAM,4028.0827777777786,11129.0,7,8,324.01788146751215,-361.6948965884979
0.7714433772514655,273.15,100.0,0.0,60.613,HAM,4035.0920558172556,11172.316666666668,7,8,317.1,-360.9
0.7736083507735642,275.0,100.0,0.0,60.761,HAM,4046.416111111112,11242.0,7,8,305.93396513325433,-359.2804049812024
0.7746622421296191,275.3,100.0,0.0,60.833,HAM,4051.9285683619128,11264.8,7,8,300.7,-358.3
0.7771261287932658,276.0,100.0,0.0,61.001,HAM,4064.8161111111117,11318.0,7,8,289.18804816702084,-355.38859718533774
0.7778769999168149,276.42500053333333,100.0,0.0,61.052,HAM,4068.743598461344,11327.987512533333,7,8,285.6,-354.2
0.7806693979580378,278.0,100.0,0.0,61.241,HAM,4083.349444444445,11365.0,7,8,271.5772609962171,-348.414272709567
0.7808469580725482,278.05,100.0,0.0,61.253,HAM,4084.2781858512917,11369.0,7,8,270.7,-348.0
0.7841067095532824,278.96666666666664,100.0,0.0,61.473,HAM,4101.328558816723,11442.333333333334,7,8,255.3,-339.8
0.7842254126953451,279.0,100.0,0.0,61.481,HAM,4101.949444444445,11445.0,7,8,254.75566275427528,-339.48982097816196
0.7873766358636752,279.8833333333333,100.0,0.0,61.693,HAM,4118.432151986689,11482.1,7,8,240.7,-331.1
0.7877941730051873,280.0,100.0,0.0,61.721,HAM,4120.616111111111,11487.0,7,8,238.918300679948,-329.9742268701201
0.7906670681080842,281.36654710897847,100.0,0.0,61.913,HAM,4135.6430029721805,11487.683273554489,7,8,227.0,-322.0
0.7920024424169809,282.0,100.0,0.0,62.002,HAM,4142.627777777779,11488.0,7,8,221.38209993186734,-317.9582814714121
0.7939706287105412,282.54583253333334,100.0,0.0,62.133,HAM,4152.9225228124815,11538.7624256,7,8,213.1,-311.7
0.7956094394444285,283.0,100.0,0.0,62.242,HAM,4161.4944444444445,11581.0,7,8,206.3930983268048,-306.3786207292631
0.797278402492709,283.0,100.0,0.0,62.353,HAM,4170.224080003133,11591.1749824,7,8,199.8,-300.8
0.7992164364718763,283.0,100.0,0.0,62.482,HAM,4180.361111111111,11603.0,7,8,192.52106350353364,-294.03799514178814
0.8005813015259657,282.62083413333335,100.0,0.0,62.573,HAM,4187.500139456446,11577.9750528,7,8,187.8,-289.0
0.802810687926789,282.0,100.0,0.0,62.722,HAM,4199.1611111111115,11537.0,7,8,181.02967858472988,-280.1438624961032
0.8038698233174262,281.4083349333333,100.0,0.0,62.793,HAM,4204.700997675465,11518.3625504,7,8,178.2,-275.6
0.8063794482366313,280.0,100.0,0.0,62.962,HAM,4217.8277777777785,11474.0,7,8,172.45733849290372,-263.86441515021403
0.8071322437648695,278.5125056,85.9750528,0.0,63.013,HAM,4221.765330870101,11394.7377984,7,8,171.0,-260.1
0.8098589895387276,273.0,34.0,100.0,63.202,HAM,4236.027777777778,11101.0,7,8,166.6224818357819,-245.5408118006877
0.8102849016179547,269.125024,30.5125216,100.0,63.233,HAM,4238.255542637838,10972.867460266667,7,8,166.0,-243.2
0.8129561636647693,243.0,7.0,100.0,63.442,HAM,4252.227777777778,10109.0,7,8,162.2749454393725,-228.4131027081879
0.8130847505311559,241.0750336,6.679172266666667,100.0,63.453,HAM,4252.900360961897,10064.8632704,7,8,162.1,-227.7
0.8154280058949116,202.5750336,0.2625055999999999,100.0,63.673,HAM,4265.156932710208,9182.1132704,7,8,159.1,-214.9
0.8155180237443348,201.0,0.0,100.0,63.682,HAM,4265.627777777779,9146.0,7,8,159.0039561211157,-214.42848744787798
0.8175201900573439,179.9000192,0.0,100.0,63.893,HAM,4276.1002578356565,9172.374976,7,8,157.4,-204.2
0.8177739900830565,177.0,0.0,100.0,63.922,HAM,4277.427777777779,9176.0,7,8,157.2704054760368,-202.83311284663503
0.8193122730799264,155.5125216,0.0,100.0,64.113,HAM,4285.473881592142,9165.654177066666,7,8,156.9,-194.0
0.8196858259633292,150.0,0.0,100.0,64.162,HAM,4287.427777777779,9163.0,7,8,156.91184350098047,-191.85110597417187
0.8209508759136057,141.4500096,0.0,100.0,64.333,HAM,4294.044715786579,8419.1508352,7,8,157.2,-184.7
0.8214447149731801,138.0,0.0,100.0,64.402,HAM,4296.627777777779,8119.0,4,8,157.3668236546849,-181.9008784745725
0.8224924988837116,132.31381019352116,0.0,100.0,64.553,HAM,4302.108289579775,7835.954107410831,4,8,157.8,-176.0
0.823082043084977,129.0,0.0,100.0,64.641,HAM,4305.191944444446,7671.0,4,8,158.07987035217462,-172.77708796199437
0.8239371598760025,124.6,0.0,100.0,64.773,HAM,4309.664696524523,7432.3,4,8,158.6,-168.2
0.8246242573617303,121.0,0.0,100.0,64.881,HAM,4313.258611111112,7237.0,4,8,159.19319507924496,-164.62508149738136
0.8253356864375219,120.06666666666666,0.4666666666666667,100.0,64.993,HAM,4316.979793892189,7124.533333333334,4,8,160.0,-161.1
0.8261409804934132,119.0,1.0,0.0,65.121,HAM,4321.191944444446,6996.0,4,8,161.20156114401513,-157.3276329996175
0.8267099273417468,117.46666666666667,4.833333333333334,0.0,65.213,HAM,4324.167863320141,7028.583333333333,4,8,162.3,-154.8
0.8276067213349557,115.0,11.0,0.0,65.361,HAM,4328.858611111113,7081.0,4,8,164.55276942664653,-151.08617858803274
0.828034053253312,113.8,17.0,0.0,65.433,HAM,4331.0938025455125,7053.1,4,8,165.9,-149.5
0.8290214798863574,111.0,31.0,0.0,65.601,HAM,4336.258611111112,6988.0,4,8,169.73216985121482,-146.45947442445222
0.8293304377712811,111.43333333333334,34.25,0.0,65.653,HAM,4337.874638344996,7053.866666666667,4,8,171.1,-145.7
0.8304617295828294,113.0,46.0,0.0,65.841,HAM,4343.791944444445,7292.0,4,8,176.68275069789158,-143.5975246086075
0.8306561303782054,113.4,47.06666666666667,0.0,65.873,HAM,4344.808772287159,7334.533333333334,4,8,177.7,-143.3
0.8319402159969069,116.0,54.0,0.0,66.081,HAM,4351.525277777779,7611.0,4,8,184.5976801051886,-141.67382826571918
0.8320161735524522,116.35,54.75,0.0,66.093,HAM,4351.922579430755,7629.5,4,8,185.0,-141.6
0.8334537372646087,122.76666666666667,68.5,0.0,66.313,HAM,4359.441863523025,7968.666666666667,4,8,192.4,-140.7
0.8335079214187305,123.0,69.0,0.0,66.321,HAM,4359.7252777777785,7981.0,4,8,192.6731348078466,-140.68600419293762
0.8349902964029561,130.95,72.53333333333333,0.0,66.533,HAM,4367.478950566962,8559.583333333334,4,8,200.1,-140.8
0.8351903369933705,132.0,73.0,0.0,66.561,HAM,4368.525277777779,8636.0,4,8,201.12233229672816,-140.87779569587403
0.8365845997304953,136.8,79.85714285714286,0.0,66.753,HAM,4375.8180728943025,9057.714285714286,4,8,208.4,-141.7
0.837257244006154,139.0,83.0,0.0,66.841,HAM,4379.336388888889,9251.0,4,8,211.85909603570525,-142.1391843311671
0.8383208621172751,146.7,83.55,0.0,66.973,HAM,4384.899722656688,9450.1,4,8,217.2,-142.7
0.8392073166040322,153.0,84.0,0.0,67.081,HAM,4389.53638888889,9613.0,4,8,221.7237950542789,-142.89514300195546
0.8401159942781272,152.53333333333333,63.93333333333334,0.0,67.193,HAM,4394.289295158048,9542.533333333333,4,8,226.4,-142.7
0.8411446436293752,152.0,41.0,0.0,67.321,HAM,4399.669722222223,9462.0,4,8,231.51767688173058,-141.7975044713033
0.8418800206530666,151.23333333333332,43.68333333333333,0.0,67.413,HAM,4403.516166528867,9430.566666666668,4,8,235.1,-140.7
0.8430564795096479,150.0,48.0,0.0,67.561,HAM,4409.669722222223,9380.0,4,8,240.7609798483249,-138.16080577595085
0.8436182461318453,149.4083328,41.1958272,0.0,67.632,HAM,4412.6080843902,9324.6791168,4,8,243.4,-136.7
0.8449428242448503,148.0,25.0,0.0,67.801,HAM,4419.53638888889,9193.0,4,8,249.41473778215445,-132.78285889589432
0.8451901524586396,147.46666666666667,26.333333333333332,0.0,67.833,HAM,4420.830057536608,9180.866666666667,4,8,250.5,-132.0
0.846778186689912,144.0,35.0,0.0,68.041,HAM,4429.136388888889,9102.0,4,8,257.1335685199364,-126.71399594576667
0.8468696448838761,144.0,35.25,0.0,68.053,HAM,4429.614767785884,9110.4,4,8,257.5,-126.4
0.8485519245032753,144.0,39.833333333333336,0.0,68.273,HAM,4438.41405666187,9264.4,4,8,263.9,-120.4
0.8486135491349738,144.0,40.0,0.0,68.281,HAM,4438.736388888889,9270.0,4,8,264.1166896297385,-120.16667216471546
0.8502648145186223,146.65,61.2,0.0,68.493,HAM,4447.373455494278,9449.316666666668,4,8,269.3,-113.5
0.850487148297641,147.0,64.0,0.0,68.521,HAM,4448.53638888889,9473.0,4,8,269.8761880061736,-112.5438895189789
0.8520421302969036,151.780079179356,69.57675904258201,0.0,68.713,HAM,4456.669838079312,9786.095186247818,4,8,273.1,-105.5
0.8524453461980104,153.0,71.0,0.0,68.762,HAM,4458.77888888889,9866.0,4,8,273.7310833403336,-103.5669799197331
0.8538682203700477,155.8499968,77.4124928,0.0,68.933,HAM,4466.221338247223,10054.0997888,4,8,275.4,-96.4
0.8544464010860291,157.0,80.0,0.0,69.002,HAM,4469.245555555556,10130.0,4,8,275.8930473921092,-93.33006721942239
0.8557174775031797,158.8874976,79.37083413333333,0.0,69.153,HAM,4475.8940154483025,10458.424582399999,4,8,276.7,-86.4
0.8564856926916533,160.0,79.0,0.0,69.242,HAM,4479.912222222223,10652.0,4,8,277.07662660382783,-82.32785376181123
0.8576563045901391,165.45832533333333,80.09166506666666,0.0,69.373,HAM,4486.035194965672,10758.437344,4,8,277.5,-76.3
0.858652440022629,170.0,81.0,0.0,69.482,HAM,4491.245555555556,10847.0,4,8,277.7266747897419,-71.17194592955153
0.8596762961656469,171.3874976,65.2750272,0.0,69.593,HAM,4496.600911386999,10652.750336,4,8,277.8,-65.9
0.86085742407121,173.0,47.0,100.0,69.722,HAM,4502.778888888889,10427.0,4,8,277.63214642174,-59.78436644715556
0.8616696132863174,170.34583893333334,40.93334613333333,100.0,69.813,HAM,4507.0271050851015,10298.841937066667,4,8,277.3,-55.5
0.8629731891120452,166.0,31.0,100.0,69.962,HAM,4513.8455555555565,10089.0,4,8,276.30188112404545,-48.580810674960496
0.8635899401549229,164.81666986666667,31.295832533333332,100.0,70.033,HAM,4517.071517832139,10033.383483733332,4,8,275.6,-45.4
0.8650379718627398,162.0,32.0,0.0,70.202,HAM,4524.645555555557,9901.0,4,8,273.2888805266278,-38.24839093851291
0.8654651720652107,160.7250048,37.0999808,0.0,70.253,HAM,4526.880058040205,9906.9499776,4,8,272.4,-36.2
0.8670262811782232,156.0,56.0,0.0,70.442,HAM,4535.045555555556,9929.0,4,8,268.34830355843235,-29.075419661026864
0.867284233667179,156.25833173333334,56.90416106666667,0.0,70.473,HAM,4536.394795266022,9953.7998464,4,8,267.6,-28.0
0.8690400816387772,158.0,63.0,0.0,70.682,HAM,4545.57888888889,10121.0,4,8,261.94204888402385,-21.34503087542843
0.8691328493465487,158.09166506666668,63.183330133333335,0.0,70.693,HAM,4546.064117295411,10129.158190933333,4,8,261.6,-21.0
0.8710016034812733,159.9249984,66.8499968,0.0,70.913,HAM,4555.838775015812,10292.3248576,4,8,253.9,-14.2
0.8710793732444013,160.0,67.0,0.0,70.922,HAM,4556.245555555556,10299.0,4,8,253.56977748436447,-13.946420890398835
0.8729364936880296,165.2749952,74.9124928,0.0,71.133,HAM,4565.959362387989,10616.378877866668,4,8,245.6,-8.7
0.8731951382852365,166.0,76.0,0.0,71.162,HAM,4567.312222222224,10660.0,4,8,244.4429594489778,-8.062433776605758
0.8749148508756038,169.1966520742979,81.59414113002133,0.0,71.353,HAM,4576.307307041544,10802.251017306256,4,8,236.4,-4.4
0.875352857502333,170.0,83.0,0.0,71.401,HAM,4578.598333333334,10838.0,4,8,234.26976415545587,-3.6694696732508234
0.8769466673272124,174.3,88.73333333333333,0.0,71.573,HAM,4586.934874358247,11257.25,4,8,226.4,-1.7
0.8775960782685197,176.0,91.0,0.0,71.641,HAM,4590.331666666668,11423.0,4,8,223.27991883566278,-1.1897254682419698
0.8790967024932764,182.96666666666667,91.0,0.0,71.793,HAM,4598.180793467985,11689.0,4,8,216.0,-0.6
0.879979500332593,187.0,91.0,0.0,71.881,HAM,4602.798333333334,11843.0,4,8,211.2650003059287,-0.611326649325085
0.8813071545794018,189.2,95.95,0.0,72.013,HAM,4609.742727779051,11796.8,4,8,203.8,-1.0
0.8824139046868067,191.0,100.0,0.0,72.121,HAM,4615.531666666667,11759.0,4,8,197.84307311866186,-1.5111727716436198
0.8835950329740541,195.66666666666666,100.0,0.0,72.233,HAM,4621.709646164985,11315.2,4,8,191.8,-2.2
0.8849757647663722,201.0,100.0,0.0,72.361,HAM,4628.931666666667,10808.0,5,8,185.01639302371748,-3.158649882716639
0.8859805087407381,203.68333333333334,100.0,0.0,72.453,HAM,4634.187054876154,11102.783333333333,5,8,179.6,-4.0
0.8876268438536836,208.0,100.0,0.0,72.601,HAM,4642.798333333334,11577.0,5,8,169.2322458506186,-5.64627785750548
0.888446421422786,211.0,100.0,0.0,72.673,HAM,4647.085194865535,11667.9,5,8,164.3,-6.4
0.8904053786663465,218.0,100.0,0.0,72.841,HAM,4657.331666666667,11880.0,5,8,154.25893708268896,-7.792587163667657
0.891024278506006,219.95,100.0,0.0,72.893,HAM,4660.568868384898,11637.333333333334,5,8,151.2,-8.2
0.893298623631826,227.0,100.0,0.0,73.081,HAM,4672.465000000001,10760.0,5,8,139.60592736216267,-9.738878527161342
0.8936880208487801,227.53333333333333,100.0,0.0,73.113,HAM,4674.501771152652,10791.333333333334,5,8,137.6,-10.0
0.8962428508874458,231.0,100.0,0.0,73.321,HAM,4687.865000000001,10995.0,6,8,124.46936299954541,-11.695639761473483
0.8963927382202896,231.4,100.0,0.0,73.333,HAM,4688.648996860769,11005.5,6,8,123.7,-11.8
0.899186552473561,238.73333333333332,100.0,0.0,73.553,HAM,4703.262250446495,11198.0,6,8,109.5,-13.9
0.8992890427233471,239.0,100.0,0.0,73.561,HAM,4703.798333333335,11205.0,6,8,108.99589783659094,-13.982884520177587
0.9020218565672655,242.53333333333333,100.0,0.0,73.773,HAM,4718.092519733523,11436.433333333332,6,8,95.7,-16.4
0.9023862168493888,243.0,100.0,0.0,73.801,HAM,4719.998333333335,11467.0,6,8,93.82322855247796,-16.767630859175426
0.9049095197294384,247.0,100.0,0.0,73.993,HAM,4733.196657028828,11718.2,6,8,80.3,-19.5
0.9055471188381062,248.0,100.0,0.0,74.041,HAM,4736.531666666668,11781.0,6,8,76.96561243525254,-20.169175734647467
0.9078398628492391,251.56250133333333,100.0,0.0,74.212,HAM,4748.524035022083,11808.075010133334,6,8,65.3,-22.5
0.9087717486894996,253.0,100.0,0.0,74.281,HAM,4753.398333333335,11819.0,6,8,60.58515168460838,-23.4591855859532
0.9105626884750823,254.65,100.0,0.0,74.413,HAM,4762.765977303524,11611.1,6,8,51.5,-25.3
0.9120346152584983,256.0,100.0,0.0,74.521,HAM,4770.465000000002,11441.0,6,8,43.96124116096642,-26.759515544197086
0.9135662247662302,256.8,100.0,0.0,74.633,HAM,4778.476197632266,10988.2,6,8,36.2,-28.0
0.9158710325915788,258.0,100.0,0.0,74.801,HAM,4790.531666666669,10309.0,7,8,24.922312102652608,-28.827412725078027
0.9165854130082982,258.21666666666664,100.0,0.0,74.853,HAM,4794.268286656338,10386.133333333333,7,8,21.4,-28.7
0.9191721358781829,259.0,100.0,0.0,75.041,HAM,4807.798333333335,10665.0,7,8,8.337885729666564,-26.503997946671557
0.9196130999585471,259.1592038280242,100.0,0.0,75.073,HAM,4810.104828806688,10679.80595600625,7,8,6.1,-25.9
0.9219474842977122,260.0,100.0,0.0,75.242,HAM,4822.315000000002,10758.0,7,8,-5.683673685300135,-21.75748619114379
0.9226552130176668,260.4249984,100.0,0.0,75.293,HAM,4826.016827794205,10759.062496,7,8,-9.2,-20.3
0.9252868243019218,262.0,100.0,0.0,75.482,HAM,4839.781666666669,10763.0,7,8,-21.917052855373846,-14.288914170621648
0.9257182647804275,262.0,100.0,0.0,75.513,HAM,4842.03834823101,10769.9749568,7,8,-23.9,-13.2
0.9287786433532796,262.0,100.0,0.0,75.733,HAM,4858.045886348851,10819.4749568,7,8,-36.9,-4.5
0.9291827209734996,262.0,100.0,0.0,75.762,HAM,4860.159444444446,10826.0,7,8,-38.4700970790337,-3.195356029026464
0.9318495146904412,262.79583253333334,100.0,0.0,75.953,HAM,4874.1083076521045,10849.874976,7,8,-48.0,6.5
0.9325348065502442,263.0,100.0,0.0,76.002,HAM,4877.692777777779,10856.0,7,8,-50.23550645659723,9.358949693741751
0.9349297831746949,263.7124992,100.0,0.0,76.173,HAM,4890.219881433293,10878.7999744,7,8,-57.5,20.2
0.9358996376995242,264.0,100.0,0.0,76.242,HAM,4895.2927777777795,10888.0,7,8,-60.29033011786646,24.65263686111236
0.9380310920283671,265.2583317333333,100.0,0.0,76.393,HAM,4906.441508434194,10880.4500096,7,8,-66.2,34.4
0.9392899599938743,266.0,100.0,0.0,76.482,HAM,4913.026111111112,10876.0,7,8,-69.61560647261811,40.08474183113822
0.9411434121458924,266.54583253333334,100.0,0.0,76.613,HAM,4922.720730670997,10935.495746133332,7,8,-74.6,48.4
0.9426930278607595,267.0,100.0,0.0,76.722,HAM,4930.8261111111115,10985.0,7,8,-78.75952125066787,55.31556642844625
0.9442835320507542,268.8499968,100.0,0.0,76.833,HAM,4939.1453617664965,11021.999936,7,8,-83.0,62.4
0.9461470780177856,271.0,100.0,0.0,76.962,HAM,4948.892777777779,11065.0,7,8,-87.92100630659641,70.74335578192097
0.9474709382921206,271.37916586666665,100.0,0.0,77.053,HAM,4955.817327567827,11096.8499328,7,8,-91.3,76.7
0.9496138737473467,272.0,100.0,100.0,77.202,HAM,4967.026111111112,11149.0,7,8,-96.5328538866926,86.57450971545241
0.9505986176704211,265.49168426666665,72.4875744,100.0,77.273,HAM,4972.176887562352,10923.5756096,7,8,-98.8,91.3
0.9528002668811344,250.0,7.0,100.0,77.442,HAM,4983.692777777778,10387.0,7,8,-103.43834210894752,102.44903011547702
0.9534050028820094,241.0750336,5.5125056,100.0,77.493,HAM,4986.855894482067,10030.001344,7,8,-104.6,105.6
0.9554513459684458,208.0,0.0,100.0,77.682,HAM,4997.559444444445,8707.0,7,8,-107.94993523873435,116.19857333551097
0.9557726612538824,205.2875168,0.0,100.0,77.713,HAM,4999.240107982315,8794.9619552,7,8,-108.4,117.9
0.9578347680325191,187.0,0.0,100.0,77.922,HAM,5010.026111111111,9388.0,7,8,-110.81093374949175,129.33183137364955
0.9579363629113828,185.89541588250984,0.0,100.0,77.933,HAM,5010.5575106936385,9402.267544850914,7,8,-110.9,129.9
0.95983714561067,163.8033479257021,0.0,100.0,78.153,HAM,5020.499696207053,9687.623422626348,7,8,-111.9,140.4
0.9599036399877353,163.0,0.0,100.0,78.161,HAM,5020.847500000001,9698.0,5,8,-111.91554109573835,140.76357370209217
0.9616286562872512,154.16666666666666,0.0,100.0,78.373,HAM,5029.87032626514,9084.083333333334,5,8,-111.9,150.1
0.9618537125856135,153.0,0.0,100.0,78.401,HAM,5031.047500000001,9003.0,4,8,-111.84217700070522,151.2952543238194
0.9633821381636812,149.8,0.8,100.0,78.593,HAM,5039.04204385096,8736.6,4,8,-111.1,159.2
0.963752802893351,149.0,1.0,100.0,78.641,HAM,5040.980833333334,8670.0,4,8,-110.81529304612862,161.06130161321488
0.965032150136062,141.83333333333334,1.0,100.0,78.813,HAM,5047.672554395335,8430.633333333333,4,8,-109.4,167.4
0.9655244374757369,139.0,1.0,0.0,78.881,HAM,5050.2475,8336.0,4,8,-108.61840088364684,169.82369706245316
0.966607297675856,135.83333333333334,23.8,0.0,79.033,HAM,5055.911480947803,8447.466666666667,4,8,-106.4,175.0
0.9672323441954472,134.0,37.0,0.0,79.121,HAM,5059.180833333334,8512.0,4,8,-104.81852476215981,177.74925628325963
0.9681760317622865,134.55,44.15,0.0,79.253,HAM,5064.116861454663,8586.25,4,8,-102.0,181.5
0.9689529964876926,135.0,50.0,0.0,79.361,HAM,5068.180833333334,8647.0,4,8,-99.24956844482358,184.20892289084964
0.9697628718649012,135.93333333333334,56.53333333333333,0.0,79.473,HAM,5072.41694682804,8799.6,4,8,-96.0,186.7
0.9706991399250083,137.0,64.0,0.0,79.601,HAM,5077.314166666667,8974.0,4,8,-91.82438056855271,189.1813559855364
0.9713832502687064,138.91666666666666,67.06666666666666,0.0,79.693,HAM,5080.892456784334,9097.05,4,8,-88.5,190.7
0.9725090112249997,142.0,72.0,0.0,79.841,HAM,5086.780833333333,9295.0,4,8,-82.63049598430277,192.64944537199986
0.9730714505487867,144.4,74.4,0.0,79.913,HAM,5089.72271411709,9448.3,4,8,-80.0,193.4
0.9744208471052723,150.0,80.0,0.0,80.081,HAM,5096.780833333333,9806.0,4,8,-74.99102703575723,194.72581165845907
0.9748485923949709,151.73333333333332,81.73333333333333,0.0,80.133,HAM,5099.018186937334,9862.55,4,8,-73.4,195.1
0.9764346475658261,158.0,88.0,0.0,80.321,HAM,5107.314166666666,10067.0,4,8,-66.6929972285247,196.52579220889254
0.9767108026747675,159.2,89.6,0.0,80.353,HAM,5108.7586165370285,10191.933333333332,4,8,-65.4,196.8
0.9785631581791966,167.0,100.0,0.0,80.561,HAM,5118.4475,11004.0,4,8,-56.06510515222126,198.78799251909174
0.9786743950383269,167.7,100.0,0.0,80.573,HAM,5119.029332678621,11023.8,4,8,-55.5,198.9
0.980781645818957,180.47500373333332,100.0,0.0,80.792,HAM,5130.0514648729895,11385.1501056,4,8,-44.9,200.7
0.9808701068080589,181.0,100.0,0.0,80.801,HAM,5130.514166666667,11400.0,4,8,-44.453710873364926,200.75814497707947
0.9827860490653316,187.4,100.0,0.0,80.993,HAM,5140.535645377483,11799.2,4,8,-34.7,201.7
0.9832790200172024,189.0,100.0,0.0,81.041,HAM,5143.114166666666,11899.0,4,8,-32.16649169786683,201.87823847362296
0.9851004792806926,197.6,100.0,0.0,81.213,HAM,5152.641445039695,11334.266666666666,4,8,-22.8,202.4
0.9858408800967678,201.0,100.0,0.0,81.281,HAM,5156.514166666667,11111.0,4,8,-19.013627682815706,202.58501732389234
0.9875327880792466,207.33333333333334,100.0,0.0,81.433,HAM,5165.363817413035,11243.366666666667,4,8,-10.4,203.0
0.9885301959016847,211.0,100.0,0.0,81.521,HAM,5170.580833333333,11320.0,5,8,-5.326165079878705,203.27769115642772
0.9900457094177314,214.28630443580727,100.0,0.0,81.653,HAM,5178.507839681967,11617.410551440556,5,8,2.4,203.7
0.9913075092636464,217.0,100.0,0.0,81.762,HAM,5185.107777777778,11863.0,5,8,8.880232715643904,203.99249367114294
0.9925964115863365,218.3874976,100.0,0.0,81.873,HAM,5191.849477397445,12028.1122144,5,8,15.6,204.3
0.9941115352213796,220.0,100.0,0.0,82.002,HAM,5199.774444444444,12220.0,5,8,23.59316235190958,204.75058239108148
0.9952004827998339,223.03332693333334,100.0,0.0,82.093,HAM,5205.470265878128,11972.404689066667,5,8,29.2,205.1
0.9970175257593942,228.0,100.0,0.0,82.242,HAM,5214.974444444445,11567.0,5,8,38.15045513082752,205.70491498597093
0.9978969679735717,230.36666026666666,100.0,0.0,82.313,HAM,5219.5744324625175,11447.187824,5,8,42.5,206.1
1.0,235.93332906666666,100.0,0.0,82.48,HAM,5230.574498148743,11165.375216,5,8,53.24127778073817,207.44883644190168
